Date,beta0,beta1,beta2,beta3,lambda1,lambda2
2022-07-18,4.0255205461066526,-0.9039216780176915,8.001310657133194,-9.963114587095237,3.706451383335924,4.337050916282996
2022-07-19,4.086729045324099,-0.9636405829272581,9.707330016274614,-11.584513496542332,3.706451383335924,4.337050916282996
2022-07-20,4.086746889593397,-0.983542272102516,10.553507862603924,-12.288130956740224,3.706451383335924,4.337050916282996
2022-07-21,4.002684481584753,-0.9392132074621689,8.39951522869934,-10.477839860233821,3.706451383335924,4.337050916282996
2022-07-22,3.961342276245528,-0.9342417408376387,7.528812960565104,-9.938733831642638,3.706451383335924,4.337050916282996
2022-07-25,4.0176206552369065,-0.941050013718725,7.312217207160056,-9.790025702499525,3.706451383335924,4.337050916282996
2022-07-26,4.0613519427595355,-0.9783281424964754,8.565069111273594,-11.136279265355784,3.706451383335924,4.337050916282996
2022-07-27,4.092245661005762,-1.0373696659362859,7.665456005360065,-10.432853447489022,3.706451383335924,4.337050916282996
2022-07-28,4.193122860487556,-1.1646837138658794,7.092126682599999,-10.42930603419394,3.706451383335924,4.337050916282996
2022-07-29,4.190423945585339,-1.1413747197444088,7.765013497659901,-11.129318178556014,3.706451383335924,4.337050916282996
2022-08-01,4.065354846770363,-0.9768309485892113,7.441522958708663,-10.821642198356201,3.706451383335924,4.337050916282996
2022-08-02,4.13921039164486,-1.02232345732375,10.19018203462554,-13.15462489206557,3.706451383335924,4.337050916282996
2022-08-03,4.066641337317932,-0.9102006294016536,10.256091470433523,-13.17521399959223,3.706451383335924,4.337050916282996
2022-08-04,4.140008326077437,-0.9772109294029949,9.281848276573204,-12.613588661715657,3.706451383335924,4.337050916282996
2022-08-05,4.217737101244644,-0.930131743158555,11.253554500291216,-14.291546799936201,3.706451383335924,4.337050916282996
2022-08-08,4.1293592569665245,-0.8257001329623153,10.609971464646025,-13.70523665989793,3.706451383335924,4.337050916282996
2022-08-09,4.186687638687799,-0.8805687368714468,12.310364045628642,-15.378189111377191,3.706451383335924,4.337050916282996
2022-08-10,4.248206681579989,-0.9619579614492508,11.19018840444553,-14.419719870910438,3.706451383335924,4.337050916282996
2022-08-11,4.395999243404674,-1.145856221412601,10.966256757749132,-14.17495919707402,3.706451383335924,4.337050916282996
2022-08-12,4.396432030881063,-1.1408108907989134,12.115920553166125,-15.399509702942833,3.706451383335924,4.337050916282996
2022-08-15,4.4182880265297975,-1.1827077126565926,12.10887311525283,-15.599260304254125,3.706451383335924,4.337050916282996
2022-08-16,4.416449857808554,-1.1774651367212243,13.058025282111588,-16.42404651175272,3.706451383335924,4.337050916282996
2022-08-17,4.487874939633702,-1.2818100925808023,14.850945810805875,-18.024695196440778,3.706451383335924,4.337050916282996
2022-08-18,4.489498747686481,-1.333856453886625,14.831417208876767,-18.006029001194303,3.706451383335924,4.337050916282996
2022-08-19,4.5044224964116175,-1.3422582175832432,13.623845624748157,-16.502347280707056,3.706451383335924,4.337050916282996
2022-08-22,4.4922232650246325,-1.292685573270215,14.035225310818989,-16.74156866295514,3.706451383335924,4.337050916282996
2022-08-23,4.449125025617543,-1.2835459578820458,13.249302179185554,-15.768131526261097,3.706451383335924,4.337050916282996
2022-08-24,4.502524405294371,-1.2827211710045594,13.119902813379957,-15.602844232356501,3.706451383335924,4.337050916282996
2022-08-25,4.4601522940967255,-1.2212863763424697,13.66873002893571,-16.342500128915095,3.706451383335924,4.337050916282996
2022-08-26,4.325859131277507,-1.065794192638276,13.313552159502947,-15.65569496452868,3.706451383335924,4.337050916282996
2022-08-29,4.3129330475619465,-1.0317361238687675,12.583071670095649,-14.705791904956191,3.706451383335924,4.337050916282996
2022-08-30,4.238583245375151,-0.8972779824017167,12.11454046050886,-14.173813862568718,3.706451383335924,4.337050916282996
2022-08-31,4.2477108584488885,-0.8804019475109741,10.880181871158362,-12.9144295516056,3.706451383335924,4.337050916282996
2022-09-01,4.319160068167784,-0.9283407772946557,10.419361515349431,-12.255049809360582,3.706451383335924,4.337050916282996
2022-09-02,4.296052038773918,-0.924309333735893,8.769860620792691,-10.792714169498607,3.706451383335924,4.337050916282996
2022-09-06,4.441644750194838,-1.0278756576962098,9.538147322943102,-11.472467914845902,3.706451383335924,4.337050916282996
2022-09-07,4.339907860614609,-0.8973168220599979,8.39910112489128,-10.408880916848952,3.706451383335924,4.337050916282996
2022-09-08,4.421713100987569,-0.9428109455890739,9.360849019690464,-11.4980603025081,3.706451383335924,4.337050916282996
2022-09-09,4.41837754468111,-0.8336497293951943,9.23016677302099,-11.381729503742223,3.706451383335924,4.337050916282996
2022-09-12,4.482268790811266,-0.8605603725572246,8.463511804601609,-10.700364111828723,3.706451383335924,4.337050916282996
2022-09-13,4.368778461752607,-0.5153616631372806,8.4346519367296,-10.562802562532214,3.706451383335924,4.337050916282996
2022-09-14,4.322188232262048,-0.39258974169599825,8.350221287857313,-10.507803004075324,3.706451383335924,4.337050916282996
2022-09-15,4.243781284783434,-0.2542992631674055,7.829083423843292,-9.723396011125647,3.706451383335924,4.337050916282996
2022-09-16,4.308718096476441,-0.2583918679696511,6.287143367684146,-8.467825545727617,3.706451383335924,4.337050916282996
2022-09-19,4.258527120421144,-0.14806646577035476,6.999637374445717,-9.003618518187384,3.706451383335924,4.337050916282996
2022-09-20,4.388294875982535,-0.2945096856530687,7.960535293488455,-9.951816292949765,3.706451383335924,4.337050916282996
2022-09-21,4.1648960459651505,0.003984473954444567,7.419569756157116,-9.181772507377747,3.706451383335924,4.337050916282996
2022-09-22,4.2529370801924244,-0.13256813778685095,8.380565334334154,-9.586633456973471,3.706451383335924,4.337050916282996
2022-09-23,4.356895336168895,-0.20180993210403986,12.129601551142978,-13.571166248457589,3.706451383335924,4.337050916282996
2022-09-26,4.300697858265466,-0.14750850615384625,12.029247192838213,-12.683757101362175,3.706451383335924,4.337050916282996
2022-09-27,4.492556216531865,-0.325590557429551,11.316308887000554,-12.086556803091723,3.706451383335924,4.337050916282996
2022-09-28,4.36085591226883,-0.1728404020573061,7.325978726626925,-8.814727641745254,3.706451383335924,4.337050916282996
2022-09-29,4.336121602118148,-0.10966332972659432,7.712110295940812,-9.025076081369521,3.706451383335924,4.337050916282996
2022-09-30,4.438957845843547,-0.19399591867834376,8.551729497483166,-9.833622222868398,3.706451383335924,4.337050916282996
2022-10-03,4.551296553397852,-0.2881302498953191,8.698949252527163,-10.797265446809016,3.706451383335924,4.337050916282996
2022-10-04,4.539152559222147,-0.23242792383108068,7.937793109065853,-10.276285347044949,3.706451383335924,4.337050916282996
2022-10-05,4.587507093858855,-0.28803069856435015,8.165202149836295,-10.133143617910367,3.706451383335924,4.337050916282996
2022-10-06,4.547671656242039,-0.23257330974357715,8.706830144832995,-10.365618354755847,3.706451383335924,4.337050916282996
2022-10-07,4.583897607816031,-0.2710136665602102,10.048133887898858,-11.510255659859332,3.706451383335924,4.337050916282996
2022-10-11,4.649927306199059,-0.26604697505235864,8.381045155850854,-9.986131866256319,3.706451383335924,4.337050916282996
2022-10-12,4.657923628405751,-0.28757968108899024,8.480116650314523,-10.166120724968675,3.706451383335924,4.337050916282996
2022-10-13,4.859038949006848,-0.3519174631028401,11.273395031987464,-13.280549439293102,3.706451383335924,4.337050916282996
2022-10-14,4.840752081358147,-0.31133121700789324,11.127947950290817,-13.005340164718813,3.706451383335924,4.337050916282996
2022-10-17,4.869092289889199,-0.36041758157719994,9.999927566957908,-11.90592892440378,3.706451383335924,4.337050916282996
2022-10-18,4.901814135711413,-0.39390759797574293,9.955399411568282,-12.023724939586439,3.706451383335924,4.337050916282996
2022-10-19,4.873809590197267,-0.31100385854327217,9.371985876422254,-10.990283118252078,3.706451383335924,4.337050916282996
2022-10-20,4.990566125809568,-0.4448992598337689,10.85686010143358,-12.331633206200713,3.706451383335924,4.337050916282996
2022-10-21,5.085653019604287,-0.4995093708211209,5.999564275087357,-7.930434322163186,3.706451383335924,4.337050916282996
2022-10-24,5.1363863154135725,-0.5157000629567756,4.8533755268369925,-6.821383090036055,3.706451383335924,4.337050916282996
2022-10-25,5.185363958747617,-0.6316364010462341,8.895404779524089,-11.30324339854392,3.706451383335924,4.337050916282996
2022-10-26,4.915532689392034,-0.26688002645559394,4.773317762825041,-6.998590366511142,3.706451383335924,4.337050916282996
2022-10-27,4.552080631141917,0.14316975835146195,-1.1842948320399014,-0.6887247903946281,3.706451383335924,4.337050916282996
2022-10-28,4.81206864852933,-0.06471279028608701,2.2070712595252044,-4.405833489567578,3.706451383335924,4.337050916282996
2022-10-31,4.866082547320827,-0.041162049899865716,2.0778911549027757,-4.2733532647988905,3.706451383335924,4.337050916282996
2022-11-01,4.455461213053504,0.4473051443156384,-1.1831452132401092,-0.3313136266106305,3.706451383335924,4.337050916282996
2022-11-02,4.240775332424798,0.8148809728414823,-4.972831321180014,3.764667871779704,3.706451383335924,4.337050916282996
2022-11-03,4.332499854018907,0.7609474752939638,-2.7677243236278506,1.496106051003709,3.706451383335924,4.337050916282996
2022-11-04,4.534201197439099,0.5418270704752663,-3.411514667318102,1.7829938499705928,3.706451383335924,4.337050916282996
2022-11-07,4.618987335412406,0.4966411046414434,-3.0742565650576976,1.4179932135791438,3.706451383335924,4.337050916282996
2022-11-08,4.695986412732337,0.39575193710540296,-1.431083031365518,-0.6551461685649376,3.706451383335924,4.337050916282996
2022-11-09,4.712853102244376,0.3731415639921778,-2.970876261122054,0.8007644604392385,3.706451383335924,4.337050916282996
2022-11-10,4.599569674727256,0.3105004917332497,-3.1705167694443763,0.32476633967464874,3.706451383335924,4.337050916282996
2022-11-14,4.648963025941688,0.33637887628331964,-2.7073736641907966,-0.17700981017559145,3.706451383335924,4.337050916282996
2022-11-15,4.472098857078688,0.529096029289067,-4.507435324795126,1.6792819543588564,3.706451383335924,4.337050916282996
2022-11-16,4.3980021940836735,0.6407578868258229,-3.6854689992273184,0.5257143424425003,3.706451383335924,4.337050916282996
2022-11-17,4.451662676649148,0.594698980115638,-2.087795830800115,-0.8626360057640218,3.706451383335924,4.337050916282996
2022-11-18,4.552130068019767,0.5153000324298674,-0.44192275539098524,-2.563320622085823,3.706451383335924,4.337050916282996
2022-11-21,4.440164140664832,0.7570133895431155,-2.946370670836027,0.038711999680097885,3.706451383335924,4.337050916282996
2022-11-22,4.454261769773458,0.6478695052239197,0.05023979950086207,-3.090405197337497,3.706451383335924,4.337050916282996
2022-11-23,4.270777031529343,0.8707659655824455,-1.3524522523740363,-1.5878868198272644,3.706451383335924,4.337050916282996
2022-11-25,4.297912247689433,0.8604143877569241,-1.9227392946917192,-1.2026587611698962,3.706451383335924,4.337050916282996
2022-11-28,4.209615802627879,0.9587432243315841,-2.537113425971021,-0.37213439276838006,3.706451383335924,4.337050916282996
2022-11-29,4.2760813682555145,0.8801368981657456,-2.573403552564488,-0.2795681233489035,3.706451383335924,4.337050916282996
2022-11-30,4.197429317999007,1.007630554605941,-6.20952407069821,3.108843338491851,3.706451383335924,4.337050916282996
2022-12-01,3.8617997425527326,1.3604692285583266,-9.955542392392378,6.970699536980223,3.706451383335924,4.337050916282996
2022-12-02,3.6892885500963057,1.578525576073079,-10.953544654455449,8.188864711366987,3.706451383335924,4.337050916282996
2022-12-05,3.87576606833819,1.3503504834002273,-6.281565376454884,3.6085407168980783,3.706451383335924,4.337050916282996
2022-12-06,3.773277515996164,1.447668333805098,-6.724274190895416,3.9617847708791936,3.706451383335924,4.337050916282996
2022-12-07,3.5613855725472936,1.6504048379448282,-8.97078462788856,6.285053144198509,3.706451383335924,4.337050916282996
2022-12-08,3.512109093023727,1.6902091002642283,-8.702254677390263,6.403195926666365,3.706451383335924,4.337050916282996
2022-12-09,3.6816009329097774,1.5226451798528489,-8.701680346001693,6.283229901131634,3.706451383335924,4.337050916282996
2022-12-12,3.7052751763381124,1.517187904497402,-7.582276348542931,5.216054765896039,3.706451383335924,4.337050916282996
2022-12-13,3.6839164722472177,1.455482407775367,-8.461313303400923,5.80539440701311,3.706451383335924,4.337050916282996
2022-12-14,3.662771636086539,1.502895388815035,-9.114658465084458,6.399478157597885,3.706451383335924,4.337050916282996
2022-12-15,3.7241943848628454,1.4299546856753105,-7.119223557842412,4.18884963901696,3.706451383335924,4.337050916282996
2022-12-16,3.636436051204724,1.4977569462702656,-10.236795331126737,7.575586418208133,3.706451383335924,4.337050916282996
2022-12-19,3.781352921108902,1.3206796099459905,-8.382931442750069,5.80686232573858,3.706451383335924,4.337050916282996
2022-12-20,3.8473827099006517,1.2220773646684986,-9.112876348004336,6.8199756235099365,3.706451383335924,4.337050916282996
2022-12-21,3.8449786317087367,1.1791421155480077,-9.295447429170025,7.051381574721488,3.706451383335924,4.337050916282996
2022-12-22,3.868824002204147,1.1707160073228011,-8.018472339290007,5.700060156645038,3.706451383335924,4.337050916282996
2022-12-23,4.004383406738909,1.0614834323191638,-7.466845040910161,5.087094644905882,3.706451383335924,4.337050916282996
2022-12-27,4.131974705536071,0.9505568211264472,-6.8230329044039975,4.509696396279052,3.706451383335924,4.337050916282996
2022-12-28,4.139114563342062,0.9335495705588196,-7.413572322390329,5.209262106110508,3.706451383335924,4.337050916282996
2022-12-29,4.089645076311292,1.0314108605028132,-7.532033382629381,5.226020760279027,3.706451383335924,4.337050916282996
2022-12-30,4.108349195288314,1.1039153399761998,-8.133959060022878,5.81360540229762,3.706451383335924,4.337050916282996
2023-01-03,4.113773561948198,1.0588679534189398,-6.59100504728106,4.034688985475255,3.706451383335924,4.337050916282996
2023-01-04,4.076377895744191,1.1091527151496003,-6.524471993947193,3.6895375596284397,3.706451383335924,4.337050916282996
2023-01-05,4.073157077420209,1.1572227355857532,-5.177289368774131,2.386093405483131,3.706451383335924,4.337050916282996
2023-01-06,3.8499130256319245,1.4053511134596783,-10.48512199392315,7.450242298094177,3.706451383335924,4.337050916282996
2023-01-09,3.882840169749855,1.3348228244597227,-10.156808478575918,7.020448385334474,3.706451383335924,4.337050916282996
2023-01-10,3.8797546487438135,1.3991984658678625,-11.876049304047811,8.892219294028726,3.706451383335924,4.337050916282996
2023-01-11,3.7810060181960417,1.5148145409064808,-12.725160938482352,9.686269220793815,3.706451383335924,4.337050916282996
2023-01-12,3.63187747064934,1.6816823853140743,-14.544028354986729,11.341576902566716,3.706451383335924,4.337050916282996
2023-01-13,3.6642407763729516,1.6676981359393173,-13.477720565911538,10.40062816026996,3.706451383335924,4.337050916282996
2023-01-17,3.6996586568023275,1.584814399180741,-13.987380134005846,10.9603799445654,3.706451383335924,4.337050916282996
2023-01-18,3.6491691915551963,1.6460281422479341,-14.644494067738167,11.096501838562109,3.706451383335924,4.337050916282996
2023-01-19,3.6904724511202223,1.6462266993846773,-14.31117915340712,10.74190884869824,3.706451383335924,4.337050916282996
2023-01-20,3.8163370272419668,1.5015716598728008,-13.084536207143804,9.579175171778468,3.706451383335924,4.337050916282996
2023-01-23,3.8558867963328085,1.4729292320126635,-12.091759438710683,8.65424555682043,3.706451383335924,4.337050916282996
2023-01-24,3.8074404951398675,1.5140121126433264,-11.552667025056225,8.04658645267064,3.706451383335924,4.337050916282996
2023-01-25,3.788865335591851,1.5551474145299418,-12.622725276084031,9.084012852704054,3.706451383335924,4.337050916282996
2023-01-26,3.744798516994369,1.6204444814838226,-12.556106248898242,9.196725941579642,3.706451383335924,4.337050916282996
2023-01-27,3.7276622085261963,1.6465570576218704,-12.688441558617791,9.445597469142369,3.706451383335924,4.337050916282996
2023-01-30,3.798976042400577,1.5480172017422955,-10.81110141987053,7.614338373719139,3.706451383335924,4.337050916282996
2023-01-31,3.7585319105326427,1.60425662342634,-12.634531992759712,9.369482272051252,3.706451383335924,4.337050916282996
2023-02-01,3.621633397993771,1.7616708018824099,-15.261665358271866,11.716516555493744,3.706451383335924,4.337050916282996
2023-02-02,3.655580728099221,1.6950517204383282,-14.343974821750201,10.803223972101168,3.706451383335924,4.337050916282996
2023-02-03,3.7022776891994233,1.7490511312923809,-12.267594519291103,9.039767288472182,3.706451383335924,4.337050916282996
2023-02-06,3.705868272061843,1.7641398956146384,-10.183015328280693,7.318625973077509,3.706451383335924,4.337050916282996
2023-02-07,3.7416498696161398,1.7386027160348103,-10.333667669683479,7.53072922502782,3.706451383335924,4.337050916282996
2023-02-08,3.735845823366623,1.7727004893180678,-11.282165028681737,8.365457032502052,3.706451383335924,4.337050916282996
2023-02-09,3.801204365387593,1.6976501914231839,-9.87757433989025,7.00984370714276,3.706451383335924,4.337050916282996
2023-02-10,3.897292120030557,1.596698954981932,-9.811442451777618,6.9803331233083235,3.706451383335924,4.337050916282996
2023-02-13,3.8371765901996797,1.6745935152084241,-9.190860671761815,6.3925584803677635,3.706451383335924,4.337050916282996
2023-02-14,3.891826768111989,1.6409735291297787,-6.991984499817159,4.276787571962487,3.706451383335924,4.337050916282996
2023-02-15,3.9365249007129024,1.6599217696610888,-8.50262402915508,5.793653600619049,3.706451383335924,4.337050916282996
2023-02-16,4.003486683412705,1.5303317335650137,-7.9160311403412145,5.2687693954573,3.706451383335924,4.337050916282996
2023-02-17,3.924327424750105,1.665962594810396,-9.54013260790057,6.823948297705125,3.706451383335924,4.337050916282996
2023-02-21,3.985303208983514,1.6058605381573365,-8.751642915091386,6.373963129014845,3.706451383335924,4.337050916282996
2023-02-22,3.980195542047252,1.6696380852582524,-9.098764003975548,6.632709014411116,3.706451383335924,4.337050916282996
2023-02-23,3.9405214758670444,1.6982368966587535,-8.828604928817612,6.318993566265666,3.706451383335924,4.337050916282996
2023-02-24,4.055510373529501,1.5904209756866428,-6.670364034956432,4.2416744035955825,3.706451383335924,4.337050916282996
2023-02-27,4.067998186374156,1.5887313461142676,-7.145609532516864,4.573473522638397,3.706451383335924,4.337050916282996
2023-02-28,4.069149682824408,1.619342994856669,-7.107918436472163,4.475700357476414,3.706451383335924,4.337050916282996
2023-03-01,4.032989797623535,1.6860618412575015,-7.162708687985201,4.892669133728815,3.706451383335924,4.337050916282996
2023-03-02,4.0520625621201045,1.6526764487815413,-7.5334661643730225,5.463645148391917,3.706451383335924,4.337050916282996
2023-03-03,3.9186814498753417,1.7837290048636705,-6.994131148368503,4.886812068744084,3.706451383335924,4.337050916282996
2023-03-06,3.995608004251054,1.6390536927506336,-4.833709748619909,2.6822300704505064,3.706451383335924,4.337050916282996
2023-03-07,4.112384830184686,1.7416607809083335,-3.4660870693829904,0.7909908519159378,3.706451383335924,4.337050916282996
2023-03-08,4.138430924642958,1.7449463640428322,-2.3807988155917506,-0.336612597635154,3.706451383335924,4.337050916282996
2023-03-09,4.124750017244382,1.7119480242561644,-5.186128270864119,2.253295043612941,3.706451383335924,4.337050916282996
2023-03-10,4.035556433285378,1.5768395521399161,-4.941924271805559,1.668673467052213,3.706451383335924,4.337050916282996
2023-03-13,4.082252118366714,0.7976179493637705,-5.054478797879176,2.136179071289532,3.706451383335924,4.337050916282996
2023-03-14,4.212983152859145,0.8257264117572056,-3.4657521607646897,0.36444845711309887,3.706451383335924,4.337050916282996
2023-03-15,4.195763704319515,0.5072474416832327,-3.1949399440027944,0.11536806753119273,3.706451383335924,4.337050916282996
2023-03-16,3.918130240596205,1.122997273192964,-7.0185956288941,4.313220450567535,3.706451383335924,4.337050916282996
2023-03-17,4.023259828563566,0.7243903519806025,-7.240877452927803,4.050391278899106,3.706451383335924,4.337050916282996
2023-03-20,4.088705559564499,0.6941013198264182,-5.676846143470449,2.6647618155342645,3.706451383335924,4.337050916282996
2023-03-21,4.147382717047144,0.868364341798461,-4.714711744021337,1.6877703860906195,3.706451383335924,4.337050916282996
2023-03-22,4.048797967529464,0.9242458416701402,-8.944783843496403,5.643663889255743,3.706451383335924,4.337050916282996
2023-03-23,4.0868479968901426,0.7301167816846792,-10.041233327379512,6.464302021820279,3.706451383335924,4.337050916282996
2023-03-24,4.0897626820942,0.656802999483001,-8.718167293864237,5.270891090094804,3.706451383335924,4.337050916282996
2023-03-27,4.2291130482344,0.6905981246248872,-7.166261590761443,3.7657632153022638,3.706451383335924,4.337050916282996
2023-03-28,4.241261186736459,0.7215934292748611,-6.233278786796203,2.8405894133756266,3.706451383335924,4.337050916282996
2023-03-29,4.232964583273989,0.7584844452984507,-6.1647592021071915,2.8327443055935326,3.706451383335924,4.337050916282996
2023-03-30,4.154808813949671,0.9183415716130962,-7.208590720422799,3.831087822052637,3.706451383335924,4.337050916282996
2023-03-31,4.045885317600721,1.0559835793896202,-8.582800283184003,5.129041917261107,3.706451383335924,4.337050916282996
2023-04-03,3.995881778232121,1.1179262871492341,-10.417316265227058,6.789257213723446,3.706451383335924,4.337050916282996
2023-04-04,3.95043827209357,1.0880318278697976,-12.106943685887357,8.325964056640451,3.706451383335924,4.337050916282996
2023-04-05,3.9660519568169357,0.9951575095651128,-10.7872465145679,6.949704548598741,3.706451383335924,4.337050916282996
2023-04-06,3.9394873043720455,1.069568045772537,-10.784685243544953,6.924152391625862,3.706451383335924,4.337050916282996
2023-04-07,4.009292017809463,1.123446775162647,-9.630283311175639,5.804267133374105,3.706451383335924,4.337050916282996
2023-04-10,4.041850196179935,1.0926848044919832,-9.109899496492362,5.291573973245299,3.706451383335924,4.337050916282996
2023-04-11,4.018938560072785,1.117500600660093,-8.905698949576342,5.199159901004911,3.706451383335924,4.337050916282996
2023-04-12,4.012491273665363,1.1448584006602909,-11.454888299185107,7.547836128983619,3.706451383335924,4.337050916282996
2023-04-13,4.062436547536352,1.0679096665966632,-10.956097235995864,7.145274777024124,3.706451383335924,4.337050916282996
2023-04-14,4.104920817357067,1.1288982157571796,-10.315262945013712,6.5514421161333924,3.706451383335924,4.337050916282996
2023-04-17,4.180960897416044,1.0855644975617502,-9.4473721086738,5.7690997910920485,3.706451383335924,4.337050916282996
2023-04-18,4.170130342641873,1.135229424020765,-9.45373165638885,5.686532701798502,3.706451383335924,4.337050916282996
2023-04-19,4.1624629860758215,1.1671990184049095,-8.943583735067785,5.252703372983546,3.706451383335924,4.337050916282996
2023-04-20,4.0940341814124315,1.1958451242659667,-10.565961637187334,6.824260344933197,3.706451383335924,4.337050916282996
2023-04-21,4.109425889048788,1.2000208149073601,-10.822896337702073,7.118927497809447,3.706451383335924,4.337050916282996
2023-04-24,4.060322716114621,1.251636898864456,-11.623725705705152,7.803071452182711,3.706451383335924,4.337050916282996
2023-04-25,3.9646778043549578,1.233442187678435,-13.997928209638047,10.031842390213761,3.706451383335924,4.337050916282996
2023-04-26,4.014362473463384,1.2268419392511434,-14.048722218062352,10.03438634039556,3.706451383335924,4.337050916282996
2023-04-27,4.074604570397834,1.2745003096721632,-12.599102532478033,8.729253190821465,3.706451383335924,4.337050916282996
2023-04-28,3.9454947314056357,1.4572734578674609,-14.010359654801865,9.997291969283616,3.706451383335924,4.337050916282996
2023-05-01,4.135415026136744,1.2901153873455318,-13.5258983304106,9.560907317564741,3.706451383335924,4.337050916282996
2023-05-02,4.0284196280246025,1.3290420903566376,-15.038972091067851,10.800506953434123,3.706451383335924,4.337050916282996
2023-05-03,3.993180581067019,1.3866388066979938,-17.23366313294642,12.774803358860952,3.706451383335924,4.337050916282996
2023-05-04,4.038371070387656,1.2019963726584222,-18.238932779712773,13.755259581429396,3.706451383335924,4.337050916282996
2023-05-05,4.063537417778032,1.2771736985463744,-16.710158492335683,12.361717493568369,3.706451383335924,4.337050916282996
2023-05-08,4.157846903651366,1.2314290641306838,-16.073306882471538,11.747726554792383,3.706451383335924,4.337050916282996
2023-05-09,4.183353108417763,1.2213729379512022,-16.112822179721288,11.75404411890918,3.706451383335924,4.337050916282996
2023-05-10,4.134406172582157,1.2350255809035713,-18.07405413008303,13.507315601571394,3.706451383335924,4.337050916282996
2023-05-11,4.096722908796723,1.2613609054582686,-16.931580384538538,12.322663341778465,3.706451383335924,4.337050916282996
2023-05-12,4.138673917519381,1.2387867229068323,-15.704677692402807,11.264000598983618,3.706451383335924,4.337050916282996
2023-05-15,4.142938568531015,1.2752667869041905,-17.481296311849388,13.066143472854575,3.706451383335924,4.337050916282996
2023-05-16,4.153718942102751,1.3338730616926469,-17.51880068048753,13.15167772154744,3.706451383335924,4.337050916282996
2023-05-17,4.025911000187279,1.5294401168410474,-18.37173940789249,14.324750616968037,3.706451383335924,4.337050916282996
2023-05-18,4.0099746807551755,1.634591039380181,-17.979855659999536,14.166902349840786,3.706451383335924,4.337050916282996
2023-05-19,4.058811397687425,1.562039221864016,-17.182269986564776,13.50494437270869,3.706451383335924,4.337050916282996
2023-05-22,4.042114472206055,1.6417747665913422,-18.400785746712323,14.703941447460771,3.706451383335924,4.337050916282996
2023-05-23,4.018060368112542,1.712517876014881,-18.73273926233841,14.9723993176946,3.706451383335924,4.337050916282996
2023-05-24,4.00697464911371,1.81506694587758,-19.267903695220472,15.485069505158776,3.706451383335924,4.337050916282996
2023-05-25,4.002814737858421,1.9098392445386794,-17.71530735075201,14.22935702480273,3.706451383335924,4.337050916282996
2023-05-26,3.954990299951758,1.9925333628754136,-16.946946853952323,13.498764801090163,3.706451383335924,4.337050916282996
2023-05-30,3.9720696129020254,1.9552843541960176,-17.621903481164548,13.766371392757248,3.706451383335924,4.337050916282996
2023-05-31,3.8892830117912096,2.019819976550949,-18.886217299907628,14.984481813848774,3.706451383335924,4.337050916282996
2023-06-01,3.873053269036119,1.990419369399759,-19.183365255132166,15.249771379704558,3.706451383335924,4.337050916282996
2023-06-02,3.9504453867549243,1.9678926914175245,-16.54153813093077,12.756444356551603,3.706451383335924,4.337050916282996
2023-06-05,3.9717577016561316,1.905440422580974,-16.46196779528016,12.664832335277463,3.706451383335924,4.337050916282996
2023-06-06,3.918717364474687,1.9786566273705344,-16.20969268293887,12.531611725195647,3.706451383335924,4.337050916282996
2023-06-07,3.940374723540451,1.9473908550002388,-16.578172702344222,13.205836828360939,3.706451383335924,4.337050916282996
2023-06-08,3.929999841853697,1.9375178803209627,-15.95144879905848,12.389997165314709,3.706451383335924,4.337050916282996
2023-06-09,3.924938239638972,1.9780969228289567,-14.923507178187219,11.436493643175258,3.706451383335924,4.337050916282996
2023-06-12,3.8759275742143022,2.0387346166091826,-16.11088981578302,12.628363178320363,3.706451383335924,4.337050916282996
2023-06-13,3.9137082271069734,2.0028634537841397,-14.546826507235679,11.383242098103567,3.706451383335924,4.337050916282996
2023-06-14,3.856171705454563,2.0972403860518027,-13.05464601700729,9.983054541232756,3.706451383335924,4.337050916282996
2023-06-15,3.8579535511413328,2.0775141771834935,-14.72950118379046,11.254109774073903,3.706451383335924,4.337050916282996
2023-06-16,3.8221122349943126,2.123232875209934,-13.687557420569918,10.482286845129307,3.706451383335924,4.337050916282996
2023-06-20,3.809316872174684,2.134051414243446,-13.582170395583772,10.28860522632543,3.706451383335924,4.337050916282996
2023-06-21,3.7886653280566387,2.1706420094503134,-13.696022826040696,10.367652776938415,3.706451383335924,4.337050916282996
2023-06-22,3.842819842378195,2.1581643522165845,-13.383253721811176,10.151892931754753,3.706451383335924,4.337050916282996
2023-06-23,3.8197385523273715,2.167928458416724,-13.27984294344513,9.953942405293324,3.706451383335924,4.337050916282996
2023-06-26,3.858278172273574,2.1437386625266255,-13.618651397812574,10.112150613034085,3.706451383335924,4.337050916282996
2023-06-27,3.819604952648917,2.2480883863491794,-13.437763174612133,10.076427492838437,3.706451383335924,4.337050916282996
2023-06-28,3.797220422717859,2.283385739670722,-14.119435252631323,10.58505203320422,3.706451383335924,4.337050916282996
2023-06-29,4.05889779404944,2.027805301562785,-10.512044903394155,7.05993456919488,3.706451383335924,4.337050916282996
2023-06-30,4.128399286205006,1.9737589273117728,-8.392642607492897,4.628374036589008,3.706451383335924,4.337050916282996
2023-07-03,4.170021034772993,1.9123949376903342,-6.489390244468209,2.87313802052398,3.706451383335924,4.337050916282996
2023-07-05,4.200925850807706,1.8308138814724138,-7.13544161215963,3.7903480978055555,3.706451383335924,4.337050916282996
2023-07-06,4.20786865056921,1.788031937669232,-6.378333248082409,3.457221213650884,3.706451383335924,4.337050916282996
2023-07-07,4.240584357069777,1.7256257097280963,-7.501745572657685,4.550708669847667,3.706451383335924,4.337050916282996
2023-07-10,4.288231610724498,1.616332586660914,-7.888620618493619,4.670063708571073,3.706451383335924,4.337050916282996
2023-07-11,4.353195151520056,1.5486062565390017,-6.153456824789965,2.757035757176747,3.706451383335924,4.337050916282996
2023-07-12,3.9374210861874532,2.051581669479593,-14.244760882820623,11.032202915463541,3.706451383335924,4.337050916282996
2023-07-13,3.9002201097172806,2.05379563138116,-16.171080649618435,12.65989483756562,3.706451383335924,4.337050916282996
2023-07-14,3.926450130293818,2.081244115366837,-14.041896459032598,10.679861604387128,3.706451383335924,4.337050916282996
2023-07-17,3.958203116559929,2.052197191934723,-14.18466762708727,10.68856637585715,3.706451383335924,4.337050916282996
2023-07-18,3.9104271348363344,2.109048770375155,-14.22416164054075,10.757401353873417,3.706451383335924,4.337050916282996
2023-07-19,3.8353093177737074,2.2036584234590118,-14.035285743833487,10.547713905989193,3.706451383335924,4.337050916282996
2023-07-20,3.856607596214483,2.1735657840111564,-13.569320051981476,10.416734626803954,3.706451383335924,4.337050916282996
2023-07-21,3.92963170622428,2.084846277707459,-12.139137588208639,8.875544395298824,3.706451383335924,4.337050916282996
2023-07-24,4.31188798811854,1.5908974440636339,-5.305849838481233,1.5741950035332541,3.706451383335924,4.337050916282996
2023-07-25,4.312196109490065,1.590346465472382,-4.975212743122213,1.4197478919512612,3.706451383335924,4.337050916282996
2023-07-26,4.138430384915383,1.8742144231915239,-9.889888815489122,6.339556990794639,3.706451383335924,4.337050916282996
2023-07-27,4.439084144281601,1.4574745635350286,-4.704809695124852,1.2326097287382893,3.706451383335924,4.337050916282996
2023-07-28,4.52566546388794,1.3728728599400004,-4.677316762640821,0.8121253127915472,3.706451383335924,4.337050916282996
2023-07-31,4.234382782828874,1.742503790171157,-9.43543140863719,6.0490986419634085,3.706451383335924,4.337050916282996
2023-08-01,4.364553264607835,1.6426410348046863,-9.44905003797479,5.998222437940947,3.706451383335924,4.337050916282996
2023-08-02,4.54794398466345,1.3516984498903806,-7.307389319370987,3.6995991046491046,3.706451383335924,4.337050916282996
2023-08-03,4.189884020177568,1.8292585409505855,-15.761962916241622,13.025536485843574,3.706451383335924,4.337050916282996
2023-08-04,4.165957690390474,1.8311207422081848,-16.22031014659661,13.031177125298063,3.706451383335924,4.337050916282996
2023-08-07,4.246675496450719,1.7540727757836134,-16.701376261684917,13.437288517988,3.706451383335924,4.337050916282996
2023-08-08,4.200583924455674,1.81522380917824,-16.620300764656694,13.18881528218988,3.706451383335924,4.337050916282996
2023-08-09,4.190270563451156,1.8449396816181565,-15.554651304268676,12.140210486521145,3.706451383335924,4.337050916282996
2023-08-10,4.25804093394168,1.7430647164932083,-15.177832517007296,11.990894285297054,3.706451383335924,4.337050916282996
2023-08-11,4.230079172852144,1.7493354438260529,-14.134515675805057,11.338863850196606,3.706451383335924,4.337050916282996
2023-08-14,4.238317468296941,1.7464111943602851,-12.699472303074831,9.98812239484566,3.706451383335924,4.337050916282996
2023-08-15,4.255145712339134,1.7163695134229973,-13.611217538932163,10.954834711358188,3.706451383335924,4.337050916282996
2023-08-16,4.283061642513715,1.682054836797914,-13.356072139298329,10.867972354412565,3.706451383335924,4.337050916282996
2023-08-17,4.328745189273944,1.6004210579801588,-13.703097807875796,11.234249915893068,3.706451383335924,4.337050916282996
2023-08-18,4.305082068379296,1.6261492840828458,-14.057713876704407,11.495839426230168,3.706451383335924,4.337050916282996
2023-08-21,4.312030499895723,1.650501193249024,-14.774180593858478,12.43992140178947,3.706451383335924,4.337050916282996
2023-08-22,4.520592176048257,1.4099678016534427,-10.464660397489943,7.833477799174419,3.706451383335924,4.337050916282996
2023-08-23,4.159115407193609,1.7995886434291246,-13.643214016626068,11.181639269580929,3.706451383335924,4.337050916282996
2023-08-24,4.141906431816176,1.8683342678605044,-14.289891137564345,11.904197229579681,3.706451383335924,4.337050916282996
2023-08-25,4.1823815520219,1.8385522654001285,-12.8890210078237,10.500094437508867,3.706451383335924,4.337050916282996
2023-08-28,4.16273921821002,1.889514452654869,-13.965864498124752,11.420011822534654,3.706451383335924,4.337050916282996
2023-08-29,4.134497813669844,1.8793807298575,-15.156619644563863,12.369782870626581,3.706451383335924,4.337050916282996
2023-08-30,4.134168233917603,1.8800493649661618,-15.155218777874516,12.40461070070876,3.706451383335924,4.337050916282996
2023-08-31,4.133205210822672,1.8796242526304288,-15.214345855145153,12.336784393556961,3.706451383335924,4.337050916282996
2023-09-01,4.151792108626816,1.845240811065158,-16.50855656108324,13.886590902944862,3.706451383335924,4.337050916282996
2023-09-05,4.224744490107522,1.8134200402828662,-16.018026081040702,13.468960551674265,3.706451383335924,4.337050916282996
2023-09-06,4.464846730075298,1.5414683337885924,-11.210358640932718,8.418030746260312,3.706451383335924,4.337050916282996
2023-09-07,4.211321379929294,1.8068457749805482,-15.414651612247797,12.927304633337645,3.706451383335924,4.337050916282996
2023-09-08,4.208497176337165,1.7995794302189736,-14.24234335793007,11.772954733767879,3.706451383335924,4.337050916282996
2023-09-11,4.27762029674369,1.7224473411223615,-14.155753897003043,11.624354127188269,3.706451383335924,4.337050916282996
2023-09-12,4.233803461014638,1.7863273246371152,-13.966710272978734,11.469419426339245,3.706451383335924,4.337050916282996
2023-09-13,4.258558374664524,1.7477164567322685,-13.770223476950017,11.171089608218233,3.706451383335924,4.337050916282996
2023-09-14,4.313154096715447,1.6911193007864584,-13.563110273796248,10.992319819910241,3.706451383335924,4.337050916282996
2023-09-15,4.587026288431922,1.3704694776549962,-10.105532065281901,7.218643646514984,3.706451383335924,4.337050916282996
2023-09-18,4.561250699014174,1.4140259008804945,-9.709821070858066,6.846299726577698,3.706451383335924,4.337050916282996
2023-09-19,4.746056376474515,1.1999018308650897,-6.8762965796892574,3.848372467173349,3.706451383335924,4.337050916282996
2023-09-20,4.706677024802133,1.2692365438610618,-6.508294381914138,3.4802209623239584,3.706451383335924,4.337050916282996
2023-09-21,4.718856740104359,1.2196010446334318,-9.251434669507058,6.704196934920898,3.706451383335924,4.337050916282996
2023-09-22,4.706735791230846,1.228699255448681,-9.149423259498048,6.475365361045035,3.706451383335924,4.337050916282996
2023-09-25,4.805822993005481,1.148692990964468,-11.35528434855235,8.751641236193073,3.706451383335924,4.337050916282996
2023-09-26,4.855865806987865,1.1044621722710013,-11.496733014640174,8.832409582416826,3.706451383335924,4.337050916282996
2023-09-27,4.837457600597569,1.1502592616883105,-11.757404771283628,9.307399920815664,3.706451383335924,4.337050916282996
2023-09-28,4.758648869565773,1.213579756446614,-13.830521670027432,11.42293779419313,3.706451383335924,4.337050916282996
2023-09-29,4.738660753028388,1.259528370131132,-15.388236650028974,12.952135256797469,3.706451383335924,4.337050916282996
2023-10-02,4.774012330535013,1.2015571773640985,-14.657017717121265,12.53822942930141,3.706451383335924,4.337050916282996
2023-10-03,4.942953228123177,1.0045911767867197,-14.259167558082426,12.239571495413404,3.706451383335924,4.337050916282996
2023-10-04,4.83925989744444,1.065604556264697,-15.462316631679398,13.40302679635314,3.706451383335924,4.337050916282996
2023-10-05,4.863845250766854,1.0316834156735808,-16.084172600006635,13.935020008589468,3.706451383335924,4.337050916282996
2023-10-06,4.61796924526193,1.3579413985450586,-20.081824243459383,18.509718642014548,3.706451383335924,4.337050916282996
2023-10-10,4.558056629368004,1.3837959801483761,-20.74886209037286,18.923797311414223,3.706451383335924,4.337050916282996
2023-10-11,4.451236379487132,1.4959603770665,-19.085043457192963,17.247270226912907,3.706451383335924,4.337050916282996
2023-10-12,4.8125773391846405,1.1074935602440497,-15.945999872196277,13.853895962688453,3.706451383335924,4.337050916282996
2023-10-13,4.7472743518800185,1.1674866086599027,-15.362418561666106,13.18778240512185,3.706451383335924,4.337050916282996
2023-10-16,4.778315474990231,1.1511311384376843,-16.33278261467196,14.361530601005917,3.706451383335924,4.337050916282996
2023-10-17,4.811539896983093,1.105013262512752,-14.314013799236896,12.754197108549976,3.706451383335924,4.337050916282996
2023-10-18,4.703919973869641,1.1909388701068293,-16.22541381455806,15.138511508464275,3.706451383335924,4.337050916282996
2023-10-19,4.749376172661892,1.0943185025574178,-18.37002579194677,17.48553397854047,3.706451383335924,4.337050916282996
2023-10-20,4.848510240965235,0.9673086979131948,-18.307510403779727,17.023290211139635,3.706451383335924,4.337050916282996
2023-10-23,4.829567665724256,0.9925263587951023,-17.310743116133384,15.79945512164452,3.706451383335924,4.337050916282996
2023-10-24,4.67994135001145,1.1756075810717772,-17.783430696481595,16.49608296374362,3.706451383335924,4.337050916282996
2023-10-25,4.815550566584883,1.0260790755780196,-17.520176741417824,16.37725067508533,3.706451383335924,4.337050916282996
2023-10-26,4.760395302953408,1.0725330732054799,-18.109421108956468,16.747006201000794,3.706451383335924,4.337050916282996
2023-10-27,4.810528298528402,1.0299678574165405,-19.032176586357128,17.456676882988425,3.706451383335924,4.337050916282996
2023-10-30,4.7697422609949545,1.0686458307485691,-19.098456681176536,17.72900681946431,3.706451383335924,4.337050916282996
2023-10-31,4.755710183691988,1.1110887936520806,-18.870977782549897,17.50696923924985,3.706451383335924,4.337050916282996
2023-11-01,4.75996343126036,1.0836302937236884,-19.753789377910454,17.9495484203652,3.706451383335924,4.337050916282996
2023-11-02,4.629236488733946,1.224999495762712,-17.572748968190464,15.770913686788285,3.706451383335924,4.337050916282996
2023-11-03,4.6016546624677614,1.2024828453916563,-19.725693521674188,17.602029861434193,3.706451383335924,4.337050916282996
2023-11-06,4.662254505870145,1.1568237986360392,-18.388578673997515,16.489127549477136,3.706451383335924,4.337050916282996
2023-11-07,4.622560788824137,1.2009862956994661,-17.52013557687828,15.405456752247675,3.706451383335924,4.337050916282996
2023-11-08,4.653121904006607,1.1726910878246364,-14.91873753664446,12.571454146027449,3.706451383335924,4.337050916282996
2023-11-09,4.764911973988109,1.088724252024047,-14.759024611041408,12.651319207412344,3.706451383335924,4.337050916282996
2023-11-10,4.749025182496311,1.0869900005095294,-13.457820745929569,11.396171638277826,3.706451383335924,4.337050916282996
2023-11-13,4.771077565520333,1.0571317415137542,-13.734406109873754,11.669477048794036,3.706451383335924,4.337050916282996
2023-11-14,4.518998954357128,1.271787373128136,-18.31794321271453,16.028790463494826,3.706451383335924,4.337050916282996
2023-11-15,4.484077050441712,1.3423782191276326,-18.27550618446918,16.342746886667396,3.706451383335924,4.337050916282996
2023-11-16,4.462720035670941,1.354626009477882,-19.251160371492027,17.08578185890147,3.706451383335924,4.337050916282996
2023-11-17,4.399695095957915,1.446863562572851,-18.557432036587915,16.47363467554451,3.706451383335924,4.337050916282996
2023-11-20,4.369955639050025,1.4913620045948102,-18.452010944709162,16.338616486573606,3.706451383335924,4.337050916282996
2023-11-21,4.345611913261463,1.5206734285262478,-19.668762267166937,17.548814063808507,3.706451383335924,4.337050916282996
2023-11-22,4.3001007031855885,1.5835074389156558,-19.420211202190103,17.40979039576703,3.706451383335924,4.337050916282996
2023-11-24,4.50995737748268,1.3439339308899958,-16.983955520804244,14.8329766942618,3.706451383335924,4.337050916282996
2023-11-27,4.242004939416863,1.6476466509864034,-20.332712935253966,18.337148132160802,3.706451383335924,4.337050916282996
2023-11-28,4.249179095264916,1.611094488260921,-22.28301217576942,20.077350421104395,3.706451383335924,4.337050916282996
2023-11-29,4.1916779413015055,1.5830166302437925,-21.870452257476025,19.641247464678248,3.706451383335924,4.337050916282996
2023-11-30,4.262517682020192,1.5248359360282813,-21.682104111600374,19.627062736876194,3.706451383335924,4.337050916282996
2023-12-01,4.204685764446049,1.4802940491561434,-21.790506579633135,19.43333116262093,3.706451383335924,4.337050916282996
2023-12-04,4.21108189368211,1.4859349983975632,-20.570763786025505,18.442828967090612,3.706451383335924,4.337050916282996
2023-12-05,4.088355534129342,1.5832659271682537,-20.451543006941307,18.24795097949437,3.706451383335924,4.337050916282996
2023-12-06,4.0176750504611505,1.6745138644384128,-19.404684179944706,17.141877721088072,3.706451383335924,4.337050916282996
2023-12-07,4.023172097994304,1.6453424454023358,-19.990080926020802,17.77835086496605,3.706451383335924,4.337050916282996
2023-12-08,4.0825277217934985,1.6148916849874468,-18.133031505599757,16.141366791365982,3.706451383335924,4.337050916282996
2023-12-11,4.113739300854599,1.587705146429805,-18.08107434103989,16.042713759351017,3.706451383335924,4.337050916282996
2023-12-12,4.092362380438783,1.6340165385965149,-18.07100499888543,15.929718943235308,3.706451383335924,4.337050916282996
2023-12-13,4.056718530783379,1.539415303279717,-19.943664509951326,17.40345813518104,3.706451383335924,4.337050916282996
2023-12-14,3.949722683141143,1.558269499974998,-18.75344874988627,16.14367304282651,3.706451383335924,4.337050916282996
2023-12-15,3.8974944825836517,1.66634720069552,-18.37181074577717,15.774319788618152,3.706451383335924,4.337050916282996
2023-12-18,3.967910316764016,1.578819302101917,-17.987358256331518,15.403319615346213,3.706451383335924,4.337050916282996
2023-12-19,3.9679023816388153,1.549608751422201,-17.62071444319085,15.051959373954498,3.706451383335924,4.337050916282996
2023-12-20,3.9960071424074557,1.4625656921779449,-17.103010450261216,14.304117411174479,3.706451383335924,4.337050916282996
2023-12-21,4.040202253779187,1.380758432050972,-17.0018385218189,14.254112622358308,3.706451383335924,4.337050916282996
2023-12-22,4.084739859116916,1.3113431450057138,-17.084453546538523,14.292321872210287,3.706451383335924,4.337050916282996
2023-12-26,4.115681418096241,1.2633206249793467,-15.783702300997485,12.963960498632721,3.706451383335924,4.337050916282996
2023-12-27,4.231444541978553,1.099899345525011,-13.103247301355736,9.736714204631381,3.706451383335924,4.337050916282996
2023-12-28,4.228981797426728,1.1175194104358654,-13.058548718695635,9.836314670252897,3.706451383335924,4.337050916282996
2023-12-29,4.095684748677015,1.2372818496976294,-16.30263924180198,13.482125492353386,3.706451383335924,4.337050916282996
2024-01-02,4.185278295706887,1.1471821548924481,-14.477416408345249,11.725649395115823,3.706451383335924,4.337050916282996
2024-01-03,4.1400183986515415,1.2195765713937545,-15.158772458679753,12.337625162506795,3.706451383335924,4.337050916282996
2024-01-04,4.209377091148612,1.1561113850258669,-15.002176886938347,12.319191868050357,3.706451383335924,4.337050916282996
2024-01-05,4.290070824228572,1.0436549329093654,-14.696462372008833,12.094106258417263,3.706451383335924,4.337050916282996
2024-01-08,4.2435537533847905,1.0960090910273066,-15.597420449677053,12.91039811130124,3.706451383335924,4.337050916282996
2024-01-09,4.2798872710900735,1.0603556527875362,-15.075426774522173,12.32412724377901,3.706451383335924,4.337050916282996
2024-01-10,4.311470948545649,1.0145111954661241,-15.032619559813757,12.302628976337653,3.706451383335924,4.337050916282996
2024-01-11,4.347248652956706,0.9229054312232449,-15.561795732360421,12.61215209412238,3.706451383335924,4.337050916282996
2024-01-12,4.396108763838817,0.7316796596512143,-15.811479029141045,12.823417523530567,3.706451383335924,4.337050916282996
2024-01-16,4.4468358628751155,0.7393571088381986,-16.443618450121306,13.661277467454221,3.706451383335924,4.337050916282996
2024-01-17,4.450310660032865,0.8226645860302059,-15.16594362479495,12.421203740126767,3.706451383335924,4.337050916282996
2024-01-18,4.535453903186637,0.7263220651939764,-15.22961170345501,12.44795996302436,3.706451383335924,4.337050916282996
2024-01-19,4.483252597891665,0.8211679467700378,-15.125736091061361,12.452921684720867,3.706451383335924,4.337050916282996
2024-01-22,4.4732149362175,0.8491433445483425,-15.301662557584281,12.444665868921547,3.706451383335924,4.337050916282996
2024-01-23,4.531286661382913,0.7663467363385774,-15.389312516371927,12.578078173882664,3.706451383335924,4.337050916282996
2024-01-24,4.536711235630778,0.7650841710878984,-15.497859521485385,12.81458381078542,3.706451383335924,4.337050916282996
2024-01-25,4.503127427160509,0.7634079783474232,-16.199701768732286,13.455024570604957,3.706451383335924,4.337050916282996
2024-01-26,4.505076299029896,0.7646459946124625,-15.444148701184368,12.775826924992346,3.706451383335924,4.337050916282996
2024-01-29,4.465377668233114,0.7978533712343199,-15.48905540516253,12.607095060584042,3.706451383335924,4.337050916282996
2024-01-30,4.444798559719949,0.8481697662462171,-14.35358977500632,11.496482557984036,3.706451383335924,4.337050916282996
2024-01-31,4.435435352301569,0.8192206736990291,-14.763370141714,11.674486880303313,3.706451383335924,4.337050916282996
2024-02-01,4.46075571660441,0.736910214913073,-12.821693088286194,9.34205948722815,3.706451383335924,4.337050916282996
2024-02-02,4.392552706080721,0.9409901838484074,-13.869595670434984,10.956007808157713,3.706451383335924,4.337050916282996
2024-02-05,4.50618975214371,0.8375339463426086,-13.030550691465171,10.36152141155865,3.706451383335924,4.337050916282996
2024-02-06,4.486354591173801,0.8249745990430843,-13.23710219466806,10.361027262354867,3.706451383335924,4.337050916282996
2024-02-07,4.505247398024734,0.8096689433780011,-13.11435301922219,10.259126528613898,3.706451383335924,4.337050916282996
2024-02-08,4.52103456489881,0.7861841662189901,-13.04678139195768,10.421492667298157,3.706451383335924,4.337050916282996
2024-02-09,4.5309990149371435,0.7819216635900639,-12.634480614240127,10.039088783081251,3.706451383335924,4.337050916282996
2024-02-12,4.51889185572155,0.8103442709539503,-13.20811726569935,10.577337472136469,3.706451383335924,4.337050916282996
2024-02-13,4.555624290728432,0.8817595789494524,-12.14813355345382,9.840584675229408,3.706451383335924,4.337050916282996
2024-02-14,4.58591024138461,0.8008970457395203,-12.283268710593623,9.823570741037205,3.706451383335924,4.337050916282996
2024-02-15,4.502904507504147,0.8997393928852904,-13.282072642321198,10.860301375881697,3.706451383335924,4.337050916282996
2024-02-16,4.48391187514582,0.9592914516849887,-13.01521369126837,10.790725675722285,3.706451383335924,4.337050916282996
2024-02-20,4.495769628080945,0.9200858660788236,-13.541634885581528,11.230453953657223,3.706451383335924,4.337050916282996
2024-02-21,4.548087193135292,0.8932538144633844,-13.19858603407939,10.917045796373774,3.706451383335924,4.337050916282996
2024-02-22,4.5272468860945825,0.9372748756621396,-12.176956614008384,9.957592909294657,3.706451383335924,4.337050916282996
2024-02-23,4.3595083399687296,1.1285503590815908,-13.097922379338046,10.953070953850467,3.706451383335924,4.337050916282996
2024-02-26,4.420268026207911,1.089839664976873,-12.421123382906785,10.203401020308904,3.706451383335924,4.337050916282996
2024-02-27,4.451221188879051,1.0619203808099091,-12.80097443656764,10.60540683821237,3.706451383335924,4.337050916282996
2024-02-28,4.420685317891532,1.0645706782021764,-13.22044609382557,10.965260210155423,3.706451383335924,4.337050916282996
2024-02-29,4.38553813372485,1.101602337988503,-13.150779655196427,10.899528239680606,3.706451383335924,4.337050916282996
2024-03-01,4.34798161829017,1.0835200462991257,-14.21669120314013,11.843395187607245,3.706451383335924,4.337050916282996
2024-03-04,4.352778288848766,1.13864761746416,-14.054289570440332,11.723950335320392,3.706451383335924,4.337050916282996
2024-03-05,4.3237165023691855,1.1382080716554632,-13.461949126812792,10.922754276731371,3.706451383335924,4.337050916282996
2024-03-06,4.347770766992902,1.1287776011168185,-12.3164620266563,9.6190628351945,3.706451383335924,4.337050916282996
2024-03-07,4.381961247232918,1.0687566534023791,-12.734732029698325,9.900892830258394,3.706451383335924,4.337050916282996
2024-03-08,4.371471666171032,1.0800550117627594,-13.657209411082679,10.820093408092172,3.706451383335924,4.337050916282996
2024-03-11,4.401901418266964,1.07341122153462,-12.736378157381052,9.842188114284319,3.706451383335924,4.337050916282996
2024-03-12,4.442838081957168,1.0680385628826243,-12.31739580111182,9.532896867858293,3.706451383335924,4.337050916282996
2024-03-13,4.47358156440076,1.0343812119774762,-11.962081690001659,9.235908772166262,3.706451383335924,4.337050916282996
2024-03-14,4.534004599006455,0.9785154344449101,-11.700508496231997,9.224787957576597,3.706451383335924,4.337050916282996
2024-03-15,4.497289788407504,1.01137503024104,-11.216312775427873,8.908177320469653,3.706451383335924,4.337050916282996
2024-03-18,4.534823614576862,0.9696613515171589,-10.92836376426341,8.646405718615288,3.706451383335924,4.337050916282996
2024-03-19,4.551316290013207,0.9507768340010465,-11.182068169189083,8.709788928883972,3.706451383335924,4.337050916282996
2024-03-20,4.611761173888635,0.834134942275244,-11.435216679798955,8.794126661651422,3.706451383335924,4.337050916282996
2024-03-21,4.59799963026918,0.8652754616577385,-11.404220411191243,8.776916614509613,3.706451383335924,4.337050916282996
2024-03-22,4.574342312631961,0.8669368874172173,-11.180281722042812,8.418266766534309,3.706451383335924,4.337050916282996
2024-03-25,4.595530729543703,0.8519301553503194,-11.183579830294317,8.488546498159511,3.706451383335924,4.337050916282996
2024-03-26,4.561313383297709,0.9097062760442908,-11.343178782094272,8.640256561545884,3.706451383335924,4.337050916282996
2024-03-27,4.496758092835196,0.9619224903995197,-11.600988981613575,8.903347660533196,3.706451383335924,4.337050916282996
2024-03-28,4.479098885545156,1.0187576692641551,-10.99977148291932,8.328876885918712,3.706451383335924,4.337050916282996
2024-04-01,4.573650413705618,0.9373693334915065,-10.71434542061147,8.274532699662549,3.706451383335924,4.337050916282996
2024-04-02,4.5521540210675235,0.9238713909039021,-11.670545433172757,9.430826192620385,3.706451383335924,4.337050916282996
2024-04-03,4.588118875718716,0.8621316037996645,-11.45991035550169,9.150428419751135,3.706451383335924,4.337050916282996
2024-04-04,4.556539450556121,0.8814399410733209,-11.40584263406949,9.032102152118194,3.706451383335924,4.337050916282996
2024-04-05,4.603608121353969,0.884492376351606,-11.130850777158939,8.87167893218766,3.706451383335924,4.337050916282996
2024-04-08,4.581331694983755,0.9117855813308785,-10.506931124758708,8.419277544128944,3.706451383335924,4.337050916282996
2024-04-09,4.576156416988611,0.8869481371098684,-9.936807155623695,7.700542933139632,3.706451383335924,4.337050916282996
2024-04-10,4.64974392721237,0.9183735306095298,-8.16114886880301,6.367938399763594,3.706451383335924,4.337050916282996
2024-04-11,4.560128953001854,0.9969631597348865,-9.88737401414626,8.307690742972241,3.706451383335924,4.337050916282996
2024-04-12,4.640529271143598,0.8678177661350472,-8.886871686501797,6.99925929810352,3.706451383335924,4.337050916282996
2024-04-15,4.646062736118255,0.8836451356860082,-10.479823898972912,8.95314484473247,3.706451383335924,4.337050916282996
2024-04-16,4.768513076313793,0.7375627746999466,-8.493290525732146,6.904694531716196,3.706451383335924,4.337050916282996
2024-04-17,4.636714526872102,0.8964437589771694,-10.062782497555363,8.432639496212033,3.706451383335924,4.337050916282996
2024-04-18,4.757741630927237,0.745595939366868,-7.969471804787438,6.342913294020058,3.706451383335924,4.337050916282996
2024-04-19,4.7505076509206,0.7450270368592297,-7.760313327281552,6.084081866825041,3.706451383335924,4.337050916282996
2024-04-22,4.7494506480905185,0.7496629004553326,-8.08581390684572,6.403959447592076,3.706451383335924,4.337050916282996
2024-04-23,4.733117521772635,0.7617301414212457,-9.268698528004519,7.544435357692495,3.706451383335924,4.337050916282996
2024-04-24,4.7544280988918945,0.7512159196381227,-9.77893265204439,8.139609469530862,3.706451383335924,4.337050916282996
2024-04-25,4.804676855732021,0.7174250770882216,-8.795113067682612,7.232312678724049,3.706451383335924,4.337050916282996
2024-04-26,4.798729311662584,0.7435337941235294,-8.442241594220217,6.750835647017637,3.706451383335924,4.337050916282996
2024-04-29,4.79723229388512,0.7396202944634578,-8.263535574349975,6.436461027518647,3.706451383335924,4.337050916282996
2024-04-30,4.822991301871095,0.7416870047287706,-7.611374167989392,5.906881750682591,3.706451383335924,4.337050916282996
2024-05-01,4.746739938805376,0.8091294495485573,-9.121584226209796,7.321401505907886,3.706451383335924,4.337050916282996
2024-05-02,4.787132653020777,0.7486111281957026,-9.76397533405595,7.713424019520846,3.706451383335924,4.337050916282996
2024-05-03,4.767829874012294,0.7273266784745915,-10.083334127327676,7.8387156790002805,3.706451383335924,4.337050916282996
2024-05-06,4.710244508668179,0.8048713407097358,-10.053156099436622,7.868521468735458,3.706451383335924,4.337050916282996
2024-05-07,4.683534060411567,0.8399795802077359,-9.752438883444528,7.5336034491966,3.706451383335924,4.337050916282996
2024-05-08,4.720743401383749,0.7879746006068519,-9.516452686812952,7.353611228771196,3.706451383335924,4.337050916282996
2024-05-09,4.729871326936046,0.7726225350256388,-9.419916090583182,7.122517916916119,3.706451383335924,4.337050916282996
2024-05-10,4.71196688546582,0.8217610904017123,-9.803907553046,7.665433074036981,3.706451383335924,4.337050916282996
2024-05-13,4.698573056925331,0.8393030691940885,-9.835267093120674,7.660317574761146,3.706451383335924,4.337050916282996
2024-05-14,4.694492768457954,0.8347169678021594,-10.089959671747843,7.793278027784859,3.706451383335924,4.337050916282996
2024-05-15,4.617538509692663,0.8951192120446663,-11.085361627341436,8.605208375787884,3.706451383335924,4.337050916282996
2024-05-16,4.686174759665787,0.8273217360718045,-9.14068478139153,6.649025018806148,3.706451383335924,4.337050916282996
2024-05-17,4.6292754374383716,0.9058486247358173,-10.238475678999436,7.961852095507292,3.706451383335924,4.337050916282996
2024-05-20,4.634084215253551,0.9107794418438295,-10.274683847506095,8.037637205636162,3.706451383335924,4.337050916282996
2024-05-21,4.592611568407729,0.9677958387679567,-10.800399609937873,8.53006327152611,3.706451383335924,4.337050916282996
2024-05-22,4.5531773442385095,1.0346712005249636,-10.463691452187286,8.30144472226213,3.706451383335924,4.337050916282996
2024-05-23,4.720597472610228,0.8412328454507328,-7.764554638359211,5.517610851855095,3.706451383335924,4.337050916282996
2024-05-24,4.724270788179842,0.858448352380557,-7.573082517550743,5.280478284011222,3.706451383335924,4.337050916282996
2024-05-28,4.622481036031701,0.9939899846873358,-10.253289531543622,8.318378506855847,3.706451383335924,4.337050916282996
2024-05-29,4.867529418905846,0.6882436045389977,-7.767037285617321,5.716830334099013,3.706451383335924,4.337050916282996
2024-05-30,4.831244666971412,0.7107247951311912,-7.966430675652016,5.792710272845886,3.706451383335924,4.337050916282996
2024-05-31,4.787665897221453,0.7638067950728267,-8.79942079383007,6.518116917249274,3.706451383335924,4.337050916282996
2024-06-03,4.5679359080335455,1.0086018053807264,-11.049898390142435,8.79163914647808,3.706451383335924,4.337050916282996
2024-06-04,4.490944968180384,1.0852898262990982,-11.723821712936125,9.352220034056707,3.706451383335924,4.337050916282996
2024-06-05,4.5085889290466,1.0390905135250552,-11.31562771650933,8.808342149397587,3.706451383335924,4.337050916282996
2024-06-06,4.481580548813616,1.064651269851175,-11.634521900426924,9.12430734541293,3.706451383335924,4.337050916282996
2024-06-07,4.503770512799051,1.1197702902852944,-11.544900671098423,9.422091164569187,3.706451383335924,4.337050916282996
2024-06-10,4.708939884781009,0.8649961465122153,-9.51471179625133,7.1933513851781,3.706451383335924,4.337050916282996
2024-06-11,4.498770603432627,1.1207889794456085,-12.42307881884167,10.177577285480204,3.706451383335924,4.337050916282996
2024-06-12,4.504368364457158,1.0944756160238835,-12.482872002819724,9.961498311467366,3.706451383335924,4.337050916282996
2024-06-13,4.4122824293405705,1.1727356860348985,-13.581777372858959,10.991022617127197,3.706451383335924,4.337050916282996
2024-06-14,4.328215725655428,1.26481282118909,-13.718606614279853,11.215101964701304,3.706451383335924,4.337050916282996
2024-06-17,4.400106305007136,1.2026204442346624,-12.60103943292754,10.173771461673763,3.706451383335924,4.337050916282996
2024-06-18,4.409350348203633,1.1722076448070446,-12.56830870979263,9.941644358142284,3.706451383335924,4.337050916282996
2024-06-20,4.416865795030571,1.1788003344493743,-12.983665629616011,10.423347615142898,3.706451383335924,4.337050916282996
2024-06-21,4.435189004497351,1.1449873230790777,-12.534517966664975,9.97016899014664,3.706451383335924,4.337050916282996
2024-06-24,4.419314967245943,1.1518539501577103,-12.12764598903552,9.604759740569627,3.706451383335924,4.337050916282996
2024-06-25,4.409797672319705,1.1660186069099625,-12.143722203838097,9.580743575473122,3.706451383335924,4.337050916282996
2024-06-26,4.451920335405564,1.1520087861271247,-12.504769431160383,10.121300141629064,3.706451383335924,4.337050916282996
2024-06-27,4.459011868757073,1.1327902698366614,-12.528169771673715,10.03426193020998,3.706451383335924,4.337050916282996
2024-06-28,4.54760161246249,1.0348901126928358,-12.894659718640096,10.432107404662885,3.706451383335924,4.337050916282996
2024-07-01,4.589790485803335,0.9967452405329301,-14.308475343090867,12.191692202913954,3.706451383335924,4.337050916282996
2024-07-02,4.583993219786613,0.9870062778495077,-14.037899235240396,11.771356187876556,3.706451383335924,4.337050916282996
2024-07-03,4.5383880931407745,1.039632604331256,-13.993560959491592,11.55701097177646,3.706451383335924,4.337050916282996
2024-07-05,4.484140979022637,1.046184933999932,-15.231790868366781,12.649197835656079,3.706451383335924,4.337050916282996
2024-07-08,4.482350939684428,1.0522539972739207,-14.748968580723686,12.159866797914159,3.706451383335924,4.337050916282996
2024-07-09,4.4955937552343705,1.0506097532207672,-15.37614148424153,12.822196304184232,3.706451383335924,4.337050916282996
2024-07-10,4.492902905993643,1.048138411276039,-14.938787192779492,12.35274334489544,3.706451383335924,4.337050916282996
2024-07-11,4.462748981298745,0.9820591085643671,-15.293284566803527,12.567995417071169,3.706451383335924,4.337050916282996
2024-07-12,4.433360791552552,0.973164178934629,-15.993098389123544,13.311521820997946,3.706451383335924,4.337050916282996
2024-07-15,4.497148213587812,0.878547113605278,-16.200374445322737,13.583752135327178,3.706451383335924,4.337050916282996
2024-07-16,4.4239422438451435,0.9454183526176808,-15.735031967825815,13.069815794837805,3.706451383335924,4.337050916282996
2024-07-17,4.427016765208083,0.9551552397354675,-15.812741111413139,13.068335690796316,3.706451383335924,4.337050916282996
2024-07-18,4.455926112386329,0.9408723965176999,-15.959328112963297,13.305870832085159,3.706451383335924,4.337050916282996
2024-07-19,4.499885448419691,0.8719555651683831,-15.061161056488938,12.523770267224918,3.706451383335924,4.337050916282996
2024-07-22,4.5370252377634745,0.8425859793330763,-14.998187368609742,12.427131824982627,3.706451383335924,4.337050916282996
2024-07-23,4.580767091330972,0.7574833492977033,-14.607865073987254,11.946531771641041,3.706451383335924,4.337050916282996
2024-07-24,4.634207992829046,0.6811395095765244,-15.651153471225703,12.997719390577895,3.706451383335924,4.337050916282996
2024-07-25,4.613457563311593,0.7127589211136782,-14.733286907986702,12.074867681058244,3.706451383335924,4.337050916282996
2024-07-26,4.571817591383235,0.7411478268024344,-15.373233319374634,12.55915955012085,3.706451383335924,4.337050916282996
2024-07-29,4.542752895399229,0.7726290960172908,-15.341648645039912,12.503830089183873,3.706451383335924,4.337050916282996
2024-07-30,4.537230382248268,0.7561539130702145,-15.22919340902329,12.353407317288388,3.706451383335924,4.337050916282996
2024-07-31,4.544627940518511,0.7286248785711651,-15.085604520966777,11.976094913083008,3.706451383335924,4.337050916282996
2024-08-01,4.506906139244353,0.6400107900878298,-15.066170056930494,11.828099786154894,3.706451383335924,4.337050916282996
2024-08-02,4.51103007700755,0.30114471204635873,-13.324935321728542,9.858857796008241,3.706451383335924,4.337050916282996
2024-08-05,4.4815915582749515,0.3375033155593299,-12.670675626449329,9.228093937788632,3.706451383335924,4.337050916282996
2024-08-06,4.554351769549023,0.3595290302894082,-13.3825402448829,10.060620797767784,3.706451383335924,4.337050916282996
2024-08-07,4.622754586168459,0.25567451887933623,-13.191940153267755,10.040727825354796,3.706451383335924,4.337050916282996
2024-08-08,4.655616060650159,0.2501341787911372,-13.029671668143882,9.903248266572263,3.706451383335924,4.337050916282996
2024-08-09,4.469850827273863,0.518244653595782,-14.906162770022137,11.885546642211779,3.706451383335924,4.337050916282996
2024-08-12,4.436279880851002,0.5348339180392291,-15.5524858213055,12.462786522015529,3.706451383335924,4.337050916282996
2024-08-13,4.578366881300686,0.30952788832049005,-13.595502483225014,10.105966535790815,3.706451383335924,4.337050916282996
2024-08-14,4.520639092493541,0.3799610767627405,-13.497097437895325,10.039706629060465,3.706451383335924,4.337050916282996
2024-08-15,4.378298900981653,0.6544146437950268,-14.983105050536158,12.003919740836745,3.706451383335924,4.337050916282996
2024-08-16,4.526035290278809,0.4194293858965025,-12.44361341615235,9.207283895966661,3.706451383335924,4.337050916282996
2024-08-19,4.492084208813585,0.4534349469193337,-12.032074334164374,8.780775406396032,3.706451383335924,4.337050916282996
2024-08-20,4.45534305161952,0.4291452188713211,-12.215862862792108,8.9579251437112,3.706451383335924,4.337050916282996
2024-08-21,4.460066952333537,0.3621649615450401,-12.487438012221569,9.175658783190736,3.706451383335924,4.337050916282996
2024-08-22,4.5133189964290015,0.370265240614724,-12.458079283623023,9.209239215392145,3.706451383335924,4.337050916282996
2024-08-23,4.48856665031527,0.3113496144640878,-12.899203958547462,9.615991415976572,3.706451383335924,4.337050916282996
2024-08-26,4.494598454683818,0.31809371315450496,-12.767648428730299,9.489425380910028,3.706451383335924,4.337050916282996
2024-08-27,4.492619198085866,0.28202603021329953,-13.374644043088074,10.195889773415342,3.706451383335924,4.337050916282996
2024-08-28,4.487585141362418,0.292799068351151,-13.646521696507065,10.485733954043505,3.706451383335924,4.337050916282996
2024-08-29,4.4928547984041955,0.30574217861650754,-13.738964327362934,10.637713261850548,3.706451383335924,4.337050916282996
2024-08-30,4.549320091500514,0.2228178230580823,-13.057397125330533,10.028952670053599,3.706451383335924,4.337050916282996
2024-09-03,4.483713259709644,0.2799973028785351,-13.218058107772842,10.076772383057016,3.706451383335924,4.337050916282996
2024-09-04,4.415066533043526,0.22667909110012663,-13.432441997011006,10.32499092120531,3.706451383335924,4.337050916282996
2024-09-05,4.360574475901007,0.28129354181192234,-13.665889447289713,10.570256472368815,3.706451383335924,4.337050916282996
2024-09-06,4.363642361473342,0.18310715047324566,-14.122352024359389,11.07154055014562,3.706451383335924,4.337050916282996
2024-09-09,4.3390412004317565,0.2206017690041816,-14.02904815560307,10.942336577249325,3.706451383335924,4.337050916282996
2024-09-10,4.304909390167494,0.1961956434700336,-14.434552808915297,11.306306311608486,3.706451383335924,4.337050916282996
2024-09-11,4.29436142129534,0.2765024212800462,-14.699046901141001,11.505537741646846,3.706451383335924,4.337050916282996
2024-09-12,4.3583996764054564,0.16605335430081825,-13.85070855926366,10.716626842551513,3.706451383335924,4.337050916282996
2024-09-13,4.365165482581407,0.043665807220339525,-13.35129249934066,10.272231573219985,3.706451383335924,4.337050916282996
2024-09-16,4.311963543853436,0.04628413812521126,-12.662146135578862,9.685542653482807,3.706451383335924,4.337050916282996
2024-09-17,4.340694050721533,0.03251135750002487,-12.219021705512187,9.246721538212507,3.706451383335924,4.337050916282996
2024-09-18,4.4230217238293665,-0.10081103597569063,-11.827548297431264,8.96613048631615,3.706451383335924,4.337050916282996
2024-09-19,4.464325779859605,-0.18997155447270497,-11.538159177444347,8.745911609089472,3.706451383335924,4.337050916282996
2024-09-20,4.489939942297133,-0.2594704803200807,-11.231937960309839,8.431248309875183,3.706451383335924,4.337050916282996
2024-09-23,4.523229271285768,-0.3242947454887817,-10.510378655485352,7.7745354954676245,3.706451383335924,4.337050916282996
2024-09-24,4.5311248167122145,-0.3754316476099915,-10.920251115437166,8.167677040629009,3.706451383335924,4.337050916282996
2024-09-25,4.589594269553904,-0.4318960600214685,-10.4158206757031,7.726775342737065,3.706451383335924,4.337050916282996
2024-09-26,4.591907435070221,-0.3763966854324403,-9.560369029163262,6.8389210151645905,3.706451383335924,4.337050916282996
2024-09-27,4.575079866020832,-0.4044451694825062,-10.008427193299502,7.217593037820718,3.706451383335924,4.337050916282996
2024-09-30,4.619865513388037,-0.37481594511614214,-9.208115358005394,6.448368848601436,3.706451383335924,4.337050916282996
2024-10-01,4.580103521221073,-0.3387450753079779,-9.488642973236656,6.5780671969262805,3.706451383335924,4.337050916282996
2024-10-02,4.649030033270878,-0.40924452486642227,-9.480694275551379,6.586640459551638,3.706451383335924,4.337050916282996
2024-10-03,4.692190190037904,-0.4243396522238563,-8.776866722433184,5.995301019884929,3.706451383335924,4.337050916282996
2024-10-04,4.773470871093418,-0.34297795912274376,-6.770165776220265,4.132015912983251,3.706451383335924,4.337050916282996
2024-10-07,4.683834807969288,-0.15709114317600292,-8.605678052643695,6.1980831583447165,3.706451383335924,4.337050916282996
2024-10-08,4.799880226060681,-0.3357438869159508,-7.1119385273834475,4.56900744579868,3.706451383335924,4.337050916282996
2024-10-09,4.673369947564899,-0.15286586555557968,-8.948644358493576,6.701278771599207,3.706451383335924,4.337050916282996
2024-10-10,4.815769806631279,-0.34686665743008693,-7.812285820664903,5.406923221624517,3.706451383335924,4.337050916282996
2024-10-11,4.712413371345477,-0.2600464432779548,-9.875425112228749,7.658089842077019,3.706451383335924,4.337050916282996
2024-10-15,4.752398282028574,-0.2937779671814451,-7.776047214486065,5.303852254159795,3.706451383335924,4.337050916282996
2024-10-16,4.73014057177768,-0.3006579033672814,-7.859121675620722,5.440133217224656,3.706451383335924,4.337050916282996
2024-10-17,4.6903436455080545,-0.20177678751165606,-10.083821330403266,7.904380271925951,3.706451383335924,4.337050916282996
2024-10-18,4.6884060313047735,-0.21666790814844528,-10.331029018792865,8.122945998456693,3.706451383335924,4.337050916282996
2024-10-21,4.75954014244859,-0.24957105540489422,-10.431902275522187,8.393536600703555,3.706451383335924,4.337050916282996
2024-10-22,4.75262896055641,-0.2653245950954649,-9.870797505496068,7.964271270862666,3.706451383335924,4.337050916282996
2024-10-23,4.775974988894777,-0.280707329616543,-9.10415386908575,7.296509757202506,3.706451383335924,4.337050916282996
2024-10-24,4.759371503631281,-0.29556072599532557,-8.29958796589862,6.474449565033047,3.706451383335924,4.337050916282996
2024-10-25,4.804083222517387,-0.31584166041029693,-8.275702145366196,6.4698905030550975,3.706451383335924,4.337050916282996
2024-10-28,4.79318817791998,-0.29982598660668813,-8.10276027526841,6.435657294368581,3.706451383335924,4.337050916282996
2024-10-29,4.764492768271072,-0.2801835999336011,-8.611655752238496,7.013479913457849,3.706451383335924,4.337050916282996
2024-10-30,4.719256334427042,-0.23752239914817042,-7.469289555832767,6.033847833107118,3.706451383335924,4.337050916282996
2024-10-31,4.70620880655834,-0.25945611643744215,-6.501064567223473,5.136550549062989,3.706451383335924,4.337050916282996
2024-11-01,4.743171939851218,-0.2772262171613923,-7.544875323081056,6.386426867297493,3.706451383335924,4.337050916282996
2024-11-04,4.684023337610558,-0.24386546304575207,-7.121453428311453,5.9188471653242845,3.706451383335924,4.337050916282996
2024-11-05,4.623373217034462,-0.15989431971154522,-6.666361565032799,5.472561779193383,3.706451383335924,4.337050916282996
2024-11-06,4.767956084461513,-0.2805877116093006,-7.181622647014291,6.149400223434472,3.706451383335924,4.337050916282996
2024-11-07,4.743106414653127,-0.23603612004585284,-7.594197849938528,6.211804057382116,3.706451383335924,4.337050916282996
2024-11-08,4.5202508281992,0.05181816583223853,-8.844882601990195,7.797099120654008,3.706451383335924,4.337050916282996
2024-11-12,4.572869238041658,0.018462957734984298,-8.747999954833238,8.013468347501508,3.706451383335924,4.337050916282996
2024-11-13,4.81222291109751,-0.34866345249624264,-6.657461806351507,5.649571566792737,3.706451383335924,4.337050916282996
2024-11-14,4.677943876464116,-0.11873127390467952,-6.968596798449105,6.0534940195300955,3.706451383335924,4.337050916282996
2024-11-15,4.794584741662334,-0.2791207878362998,-6.407310222206471,5.304453422744628,3.706451383335924,4.337050916282996
2024-11-18,4.8339191860877655,-0.32467430781891227,-6.527193455243825,5.30447340711107,3.706451383335924,4.337050916282996
2024-11-19,4.768236621540003,-0.23782764379616683,-6.943095710640168,5.702105662551742,3.706451383335924,4.337050916282996
2024-11-20,4.644969687600099,-0.05964928716265394,-8.747109969183828,7.7455701853255094,3.706451383335924,4.337050916282996
2024-11-21,4.721069423751321,-0.12711511993262925,-7.6292517387500025,6.543759519279708,3.706451383335924,4.337050916282996
2024-11-22,4.7106164673926285,-0.08978999062037807,-7.493747629269652,6.367666796637783,3.706451383335924,4.337050916282996
2024-11-25,4.500040446558,0.14788664309190472,-9.2820597627092,8.035125733806215,3.706451383335924,4.337050916282996
2024-11-26,4.534336967585776,0.11503639489738363,-9.448824580856755,8.229624211391414,3.706451383335924,4.337050916282996
2024-11-27,4.456849860370838,0.19199968018860952,-10.441630742794878,9.184308470631764,3.706451383335924,4.337050916282996
2024-11-29,4.4550317274532745,0.18348054806582012,-10.24891121210046,8.76513826385693,3.706451383335924,4.337050916282996
2024-12-02,4.394462609254342,0.2156581465749533,-9.959984081794932,8.69014248657865,3.706451383335924,4.337050916282996
2024-12-03,4.433852598558852,0.12327806619669113,-9.57200792318098,8.43635208706906,3.706451383335924,4.337050916282996
2024-12-04,4.467294762210988,0.0246449327145129,-8.41127856424438,7.162903090395374,3.706451383335924,4.337050916282996
2024-12-05,4.330191042821085,0.1904499433352156,-9.496499436429774,8.4397030596684,3.706451383335924,4.337050916282996
2024-12-06,4.395535450199291,0.08006157204337377,-9.19265138038689,7.986223801994178,3.706451383335924,4.337050916282996
2024-12-09,4.422382856206363,0.04879414642000618,-9.375747764924368,8.267653700332998,3.706451383335924,4.337050916282996
2024-12-10,4.467997529093251,-0.015368231551250888,-8.64264949977194,7.552632717552481,3.706451383335924,4.337050916282996
2024-12-11,4.556622653700217,-0.11294434718398971,-8.58405091351147,7.498947938800425,3.706451383335924,4.337050916282996
2024-12-12,4.659206063417278,-0.233223302206521,-8.076599666450608,7.013058018830516,3.706451383335924,4.337050916282996
2024-12-13,4.7301830243143375,-0.3160174187105731,-7.3326067157319255,6.423237640053763,3.706451383335924,4.337050916282996
2024-12-16,4.698735916468456,-0.2782466825257822,-7.4326328915759206,6.545743169016354,3.706451383335924,4.337050916282996
2024-12-17,4.615791779151146,-0.19020810203431204,-8.289812289446886,7.586027550849646,3.706451383335924,4.337050916282996
2024-12-18,4.8073384399610735,-0.47510730219179087,-3.6740656213891842,3.184619487658141,3.706451383335924,4.337050916282996
2024-12-19,4.79784944794554,-0.4615792399850155,-6.14560041046605,5.850482094130346,3.706451383335924,4.337050916282996
2024-12-20,4.818356699606386,-0.4450027321033069,-6.348397270174795,5.75742497130122,3.706451383335924,4.337050916282996
2024-12-23,4.860125029898227,-0.49235528686992824,-6.071804147186266,5.657874385685638,3.706451383335924,4.337050916282996
2024-12-24,4.910138327155589,-0.5927979845657708,-4.353781123595763,3.9341508417686426,3.706451383335924,4.337050916282996
2024-12-26,4.859573305574523,-0.5188165613893106,-5.601799489546911,5.181742423544075,3.706451383335924,4.337050916282996
2024-12-27,4.910767893947474,-0.6015293440655874,-5.7499527530084915,5.411084910199946,3.706451383335924,4.337050916282996
2024-12-30,4.876303549018708,-0.5817346133692984,-6.615775994915025,6.085997050467449,3.706451383335924,4.337050916282996
2024-12-31,4.86646644821597,-0.5829881525989553,-6.773925965004047,6.342277712866513,3.706451383335924,4.337050916282996
2025-01-02,4.892121927330454,-0.6115581410604973,-6.709094768444721,6.199650909342735,3.706451383335924,4.337050916282996
2025-01-03,4.9377632152846616,-0.6649461027335961,-5.876316152576936,5.417946073189184,3.706451383335924,4.337050916282996
2025-01-06,4.9208164991691525,-0.6392456273084006,-6.810944719395835,6.425947959780118,3.706451383335924,4.337050916282996
2025-01-07,4.947873931270901,-0.6541607197123606,-7.586743716745613,7.310925382369546,3.706451383335924,4.337050916282996
2025-01-08,4.949840717543133,-0.6487742611132793,-8.157452981278187,7.8391882693639525,3.706451383335924,4.337050916282996
2025-01-09,4.998523995036582,-0.7466482057015276,-7.227230326325034,6.937615586385203,3.706451383335924,4.337050916282996
2025-01-10,5.013863450328843,-0.7479063818480984,-5.1868945831407025,5.2410620595143165,3.706451383335924,4.337050916282996
2025-01-13,4.962759254673055,-0.6711575332519844,-5.9541620265799535,6.12625611789468,3.706451383335924,4.337050916282996
2025-01-14,4.951955721622102,-0.6658450936706457,-6.869000534581182,7.031040557150553,3.706451383335924,4.337050916282996
2025-01-15,4.861403689436818,-0.5693029339663283,-8.124175069846066,7.965253908387915,3.706451383335924,4.337050916282996
2025-01-16,4.922336736725358,-0.6219081328067314,-7.7888141787385505,7.30756396743736,3.706451383335924,4.337050916282996
2025-01-17,4.873327213681536,-0.5483653789775749,-7.699212718952864,7.3282101183488875,3.706451383335924,4.337050916282996
2025-01-21,4.87956407470994,-0.5552605408132819,-6.592162673446884,6.093179997807891,3.706451383335924,4.337050916282996
2025-01-22,4.877557015595529,-0.5471733191924351,-6.700621989868806,6.285331104665155,3.706451383335924,4.337050916282996
2025-01-23,4.952847603866217,-0.6693690010644828,-6.327548607222768,5.957648242874535,3.706451383335924,4.337050916282996
2025-01-24,4.901457340055572,-0.6076009322994707,-7.009086375068316,6.662228572270813,3.706451383335924,4.337050916282996
2025-01-27,5.08020708892435,-0.855445939217105,-3.9325958796523763,2.9662892189953536,3.706451383335924,4.337050916282996
2025-01-28,5.069129618524343,-0.8452463155047591,-4.52926529353781,3.635831028536251,3.706451383335924,4.337050916282996
2025-01-29,5.092487253190088,-0.8364791699181404,-4.087945817273982,3.1374231707350773,3.706451383335924,4.337050916282996
2025-01-30,5.0506556999241745,-0.8032494933625896,-4.598548994454717,3.6032549921248047,3.706451383335924,4.337050916282996
2025-01-31,5.1539235920824655,-0.9156184581786326,-3.871363354866527,2.89840796714525,3.706451383335924,4.337050916282996
2025-02-03,4.878228534983597,-0.5398109967853157,-6.479703363304123,5.7948835574052335,3.706451383335924,4.337050916282996
2025-02-04,5.052691825173941,-0.786185550899289,-4.204021292308607,3.178093669789262,3.706451383335924,4.337050916282996
2025-02-05,4.923450672307652,-0.6425102192056668,-4.37649550444319,3.2698192383117175,3.706451383335924,4.337050916282996
2025-02-06,4.970766456220326,-0.7041410526560725,-3.0288177988872373,1.9359635326980926,3.706451383335924,4.337050916282996
2025-02-07,4.879604697468989,-0.5238987726566562,-4.497539227124515,3.648161885080032,3.706451383335924,4.337050916282996
2025-02-10,4.911064473354122,-0.5603654128782528,-4.589454287045084,3.6973073072612808,3.706451383335924,4.337050916282996
2025-02-11,4.904772724352122,-0.5419453281793121,-5.351834332053686,4.5683322945393074,3.706451383335924,4.337050916282996
2025-02-12,4.975069795558568,-0.613136682010803,-4.591891272797443,4.054717231669664,3.706451383335924,4.337050916282996
2025-02-13,4.895637165259053,-0.5285890258665691,-4.624092188624406,3.8768409702129145,3.706451383335924,4.337050916282996
2025-02-14,4.880570142863048,-0.5338489078911137,-5.013742727643342,4.142466143650417,3.706451383335924,4.337050916282996
2025-02-18,4.959965428939472,-0.6200509222163886,-4.546782733905189,3.7882169326096777,3.706451383335924,4.337050916282996
2025-02-19,4.901910338570193,-0.5463708269522018,-5.973196661127535,5.216199158863106,3.706451383335924,4.337050916282996
2025-02-20,4.915356593014655,-0.5647829135719886,-5.652995141081953,4.78620794701962,3.706451383335924,4.337050916282996
2025-02-21,5.0324343330709596,-0.7767073219242315,-3.1680500830904834,1.922232028685865,3.706451383335924,4.337050916282996
2025-02-24,5.0180904471333445,-0.7591907182863189,-3.751640660646631,2.453847561512692,3.706451383335924,4.337050916282996
2025-02-25,4.873086271886798,-0.5986592734647129,-5.2382015641607,3.83187534162708,3.706451383335924,4.337050916282996
2025-02-26,4.813069916890722,-0.5090881664833095,-6.111426042682177,4.594175682394888,3.706451383335924,4.337050916282996
2025-02-27,4.889968894666821,-0.5969144159990631,-5.978237872064883,4.437927625974812,3.706451383335924,4.337050916282996
2025-02-28,4.8546296216604965,-0.6128793046816507,-6.424837358533574,4.841057781642105,3.706451383335924,4.337050916282996
2025-03-03,4.82020023216001,-0.5836333519598467,-6.3987394531642146,4.64982855123997,3.706451383335924,4.337050916282996
2025-03-04,4.921345529345626,-0.7153898766243705,-6.396174708402169,4.673226666814248,3.706451383335924,4.337050916282996
2025-03-05,4.9579495230530455,-0.767217390489507,-5.57144894216398,4.031571604453608,3.706451383335924,4.337050916282996
2025-03-06,4.931921829662894,-0.7689903429928744,-6.61104747975025,5.179046491558973,3.706451383335924,4.337050916282996
2025-03-07,4.969750024566428,-0.7805746180783817,-6.5951598653747245,5.137247590964373,3.706451383335924,4.337050916282996
2025-03-10,4.929064842797135,-0.7760764123770763,-7.1809095788438055,5.49023756604332,3.706451383335924,4.337050916282996
2025-03-11,4.915684201429212,-0.7288897984154878,-8.090939939342357,6.563399927758289,3.706451383335924,4.337050916282996
2025-03-12,4.957069437143043,-0.7340654128964037,-7.596126813523058,6.096008071282645,3.706451383335924,4.337050916282996
2025-03-13,4.9327422071567995,-0.7304035300033527,-7.947347822179477,6.338311149168967,3.706451383335924,4.337050916282996
2025-03-14,4.947938733265077,-0.715520701110449,-7.087093244776032,5.589174107490967,3.706451383335924,4.337050916282996
2025-03-17,4.912283127367786,-0.6476638815693869,-6.744634458709302,5.279609018444801,3.706451383335924,4.337050916282996
2025-03-18,4.873208164436258,-0.5839598551666849,-7.581959189272618,6.0511653563906345,3.706451383335924,4.337050916282996
2025-03-19,4.878230553354477,-0.6182260635748889,-7.813693874104085,6.178457746916428,3.706451383335924,4.337050916282996
2025-03-20,4.897571042826916,-0.6707280704972318,-7.587129597957449,5.893853476429394,3.706451383335924,4.337050916282996
2025-03-21,4.952392192829128,-0.7415712070677629,-7.890820983542246,6.138614741176093,3.706451383335924,4.337050916282996
2025-03-24,4.995879510205913,-0.738747737915896,-7.526598622570699,5.931198101594766,3.706451383335924,4.337050916282996
2025-03-25,5.010887525363326,-0.7591239909091161,-7.770007556103568,6.055008697290053,3.706451383335924,4.337050916282996
2025-03-26,5.047713486565013,-0.7898357702721241,-7.81185792411275,6.126406543257402,3.706451383335924,4.337050916282996
2025-03-27,5.062260673625311,-0.8048173314830387,-8.710442681572124,7.061750347220871,3.706451383335924,4.337050916282996
2025-03-28,5.005113048231769,-0.7806577717387824,-8.973965479683459,7.090075795031087,3.706451383335924,4.337050916282996
2025-03-31,4.944252546867454,-0.7263676124400757,-9.010260826014134,7.147491763446756,3.706451383335924,4.337050916282996
2025-04-01,4.8739344353553165,-0.6566568373870589,-9.09281926659266,7.174818444809243,3.706451383335924,4.337050916282996
2025-04-02,4.889111682931288,-0.6389889136719018,-8.90142002846799,7.026512816183719,3.706451383335924,4.337050916282996
2025-04-03,4.902591438466331,-0.6819270489265978,-11.642195082660269,9.185127279349615,3.706451383335924,4.337050916282996
2025-04-04,4.82718040126506,-0.6623828158515273,-10.685800017803246,8.32482526662408,3.706451383335924,4.337050916282996
2025-04-07,4.961035467153744,-0.7925112480311767,-12.01672304546267,9.843645911424277,3.706451383335924,4.337050916282996
2025-04-08,5.010345616295284,-0.8811381444535715,-14.164203980991234,12.303390915710546,3.706451383335924,4.337050916282996
2025-04-09,4.9735709853803325,-0.7060137705485343,-11.737512945040308,10.184252766675666,3.706451383335924,4.337050916282996
2025-04-10,5.159641973350675,-0.9467105586345983,-13.660081206335711,11.927961496108274,3.706451383335924,4.337050916282996
2025-04-11,5.029942352388385,-0.7937272179527639,-12.456811300305489,11.274698952338632,3.706451383335924,4.337050916282996
2025-04-14,5.029825866987752,-0.8052085671432727,-13.928361683586603,12.330156596024658,3.706451383335924,4.337050916282996
2025-04-15,5.038317680323424,-0.7859080874399829,-14.205258748691648,12.432214188301748,3.706451383335924,4.337050916282996
2025-04-16,5.005971822809615,-0.7531896538122933,-15.475978138152067,13.50405729919645,3.706451383335924,4.337050916282996
2025-04-17,5.023708135026634,-0.732535650179138,-16.302316374513687,14.419328300315405,3.706451383335924,4.337050916282996
2025-04-21,5.034042516189857,-0.8064268426759902,-19.047031993461268,17.44457499810495,3.706451383335924,4.337050916282996
2025-04-22,5.050087491344381,-0.782757838669448,-17.466027853496314,15.762808897339399,3.706451383335924,4.337050916282996
2025-04-23,5.015207973763996,-0.7218854235547645,-15.586183956462351,13.922149346303476,3.706451383335924,4.337050916282996
2025-04-24,4.955563499901269,-0.6858996381971014,-16.148460570071283,14.351515608522318,3.706451383335924,4.337050916282996
2025-04-25,4.952867015335325,-0.6836183747193334,-16.147699725295045,14.200142337287266,3.706451383335924,4.337050916282996
2025-04-28,4.863714140373021,-0.6140450490558877,-17.79580594516356,15.829841358791096,3.706451383335924,4.337050916282996
2025-04-29,4.833044090956285,-0.6057615026972605,-17.44537282536889,15.406588333534131,3.706451383335924,4.337050916282996
2025-04-30,4.858309763066156,-0.6453942576337859,-18.917149074406204,16.754889570115896,3.706451383335924,4.337050916282996
2025-05-01,4.946578883345251,-0.6776067487448982,-17.958148985117848,15.844433358522002,3.706451383335924,4.337050916282996
2025-05-02,4.9985909029018565,-0.6730281203978445,-16.441321001806468,14.463659951713197,3.706451383335924,4.337050916282996
2025-05-05,5.02564534516554,-0.6891740045075916,-16.941279669862674,14.985063968472002,3.706451383335924,4.337050916282996
2025-05-06,5.023423735933339,-0.7160815818936428,-17.408475722284074,15.376638642783835,3.706451383335924,4.337050916282996
2025-05-07,5.0047967936208515,-0.666759989921015,-17.226156289955252,15.040814210211812,3.706451383335924,4.337050916282996
2025-05-08,5.060691062439849,-0.7209716110102642,-15.437440151591717,13.566259119213345,3.706451383335924,4.337050916282996
2025-05-09,5.083372181918948,-0.7586906323262141,-15.25684038847818,13.353981818232256,3.706451383335924,4.337050916282996
2025-05-12,5.130532573139744,-0.7658039695145775,-13.858544718523856,12.111536561729027,3.706451383335924,4.337050916282996
2025-05-13,5.103854388892704,-0.6980957274699144,-15.317243368884082,13.698195146324766,3.706451383335924,4.337050916282996
2025-05-14,5.147929480141603,-0.7438179478795164,-14.550987102052447,12.991733445192251,3.706451383335924,4.337050916282996
2025-05-15,5.096586781074359,-0.7024146183494344,-15.834193891246011,14.060828451636905,3.706451383335924,4.337050916282996
2025-05-16,5.047375044325587,-0.6119957910097398,-16.256143405128764,14.475955742439805,3.706451383335924,4.337050916282996
2025-05-19,5.051403179797131,-0.6273054844426811,-17.054447833424465,15.34129174369968,3.706451383335924,4.337050916282996
2025-05-20,5.09472987698245,-0.6580886138186317,-17.755338262345678,15.990114801125781,3.706451383335924,4.337050916282996
2025-05-21,5.1714812965434955,-0.7325111594001426,-18.561119412604334,16.97863658819609,3.706451383335924,4.337050916282996
2025-05-22,5.159015987736579,-0.6818652184997165,-18.885329945899784,17.137375038699073,3.706451383335924,4.337050916282996
2025-05-23,5.190081451306391,-0.6677703599737868,-18.747494455053218,16.770294261915303,3.706451383335924,4.337050916282996
2025-05-27,5.062943435265412,-0.5448061354135294,-18.97536468231819,16.999593647471414,3.706451383335924,4.337050916282996
2025-05-28,5.067929308033436,-0.5273977421629366,-19.153655845376594,17.266720758887498,3.706451383335924,4.337050916282996
2025-05-29,5.061552945311121,-0.5432904142291299,-18.951674631442,16.910918198623932,3.706451383335924,4.337050916282996
2025-05-30,5.088886797773068,-0.5773489681963935,-19.35252778944602,17.180999852958774,3.706451383335924,4.337050916282996
2025-06-02,5.159812749549807,-0.6512193831741826,-19.240033650174922,17.104737875180405,3.706451383335924,4.337050916282996
2025-06-03,5.16138094391917,-0.652590201615532,-18.626182146121916,16.525486433022746,3.706451383335924,4.337050916282996
2025-06-04,5.105628387897099,-0.6388248951624536,-18.453470295031238,16.157731075411508,3.706451383335924,4.337050916282996
2025-06-05,5.094713423881591,-0.6543277086081587,-16.762773306799506,14.690996385372467,3.706451383335924,4.337050916282996
2025-06-06,5.142967978880284,-0.689473659289433,-15.715005930068726,13.971641860153143,3.706451383335924,4.337050916282996
2025-06-09,5.16003876128331,-0.7058805469545679,-15.955946250062883,14.067120417315657,3.706451383335924,4.337050916282996
2025-06-10,5.134696339222753,-0.676920650386966,-15.851176028311441,13.950999674946624,3.706451383335924,4.337050916282996
2025-06-11,5.182148658567342,-0.752627942416054,-15.827278324336174,13.65815887581173,3.706451383335924,4.337050916282996
2025-06-12,5.122761018539687,-0.7190828793503095,-15.415261325642376,13.195785631082348,3.706451383335924,4.337050916282996
2025-06-13,5.163132392227633,-0.7322495287636472,-15.987154794450309,13.85769179771695,3.706451383335924,4.337050916282996
2025-06-16,5.1883265147202975,-0.722585883287373,-16.917625157878728,14.801543535005834,3.706451383335924,4.337050916282996
2025-06-17,5.126987177529906,-0.6500641383637311,-16.698485248559123,14.454682517266976,3.706451383335924,4.337050916282996
2025-06-18,5.107017498400293,-0.6281802784415031,-17.17027970343531,14.954735339526083,3.706451383335924,4.337050916282996
2025-06-20,5.139392188726917,-0.6974923867359806,-17.17791112711385,14.917193952703883,3.706451383335924,4.337050916282996
2025-06-23,5.144125108487275,-0.7336268536705286,-17.642171072553364,15.23711332809034,3.706451383335924,4.337050916282996
2025-06-24,5.094549667242086,-0.6861165071281097,-18.259806203215394,15.80041334568714,3.706451383335924,4.337050916282996
2025-06-25,5.088872182832603,-0.6851183400043843,-18.631496803062664,16.158262603276732,3.706451383335924,4.337050916282996
2025-06-26,5.070365370460225,-0.6934743674613382,-19.31642311345564,16.7855886949399,3.706451383335924,4.337050916282996
2025-06-27,5.092629529829276,-0.701996768448069,-19.27477458263833,16.80564556761253,3.706451383335924,4.337050916282996
2025-06-30,5.050119650853361,-0.6776235833433604,-18.64021853602007,16.087541701762106,3.706451383335924,4.337050916282996
2025-07-01,5.048196833192083,-0.669870827107834,-17.252184288644578,14.821418278848656,3.706451383335924,4.337050916282996
2025-07-02,5.067171295424153,-0.6978722817082075,-17.753796122512387,15.439213866706874,3.706451383335924,4.337050916282996
2025-07-03,5.096226607927418,-0.6129624643785092,-17.648261197240792,15.29871873401994,3.706451383335924,4.337050916282996
2025-07-07,5.142322834529674,-0.6787815292234627,-18.20166826076247,15.929729688672253,3.706451383335924,4.337050916282996
2025-07-08,5.156204440950475,-0.6921605393942671,-18.058082229888043,15.8392874078824,3.706451383335924,4.337050916282996
2025-07-09,5.112451825263272,-0.6693818536638989,-17.893342338919418,15.525456958877687,3.706451383335924,4.337050916282996
2025-07-10,5.100348862661266,-0.6713613888860985,-17.33618704379358,15.050071105875888,3.706451383335924,4.337050916282996
2025-07-11,5.182594128055899,-0.7476175654831572,-17.951800007458406,15.757434912279397,3.706451383335924,4.337050916282996
2025-07-14,5.193108881609565,-0.7593442596569235,-18.164047808429466,15.936940135802972,3.706451383335924,4.337050916282996
2025-07-15,5.1997299771994445,-0.746089563775346,-18.104502576291782,16.073989618260114,3.706451383335924,4.337050916282996
2025-07-16,5.203459103029468,-0.7577814518614412,-19.43717002983999,17.243924781033055,3.706451383335924,4.337050916282996
2025-07-17,5.1838171668785735,-0.7114232982639801,-19.388615464311698,17.243886768658797,3.706451383335924,4.337050916282996
2025-07-18,5.202913776679241,-0.750369581016697,-19.56935671153733,17.276729697670124,3.706451383335924,4.337050916282996
2025-07-21,5.156503742671562,-0.6947956014105741,-19.51163274590425,17.09455905889027,3.706451383335924,4.337050916282996
2025-07-22,5.108609117086005,-0.6480304158499757,-19.869278282984066,17.428839037568373,3.706451383335924,4.337050916282996
2025-07-23,5.188994650857811,-0.7299814478673383,-18.48035866425642,16.077325444018562,3.706451383335924,4.337050916282996
2025-07-24,5.1819408820453114,-0.710920126497645,-18.061083220405635,15.756975214701153,3.706451383335924,4.337050916282996
2025-07-25,5.1533387318971435,-0.6841444035797679,-17.96033418795386,15.614213835453599,3.706451383335924,4.337050916282996
2025-07-28,5.209005235640204,-0.747990360604208,-17.7224439051524,15.372464377471108,3.706451383335924,4.337050916282996
2025-07-29,5.1306166073706,-0.675825659006632,-17.3418852373099,14.862483160093088,3.706451383335924,4.337050916282996
2025-07-30,5.131050542621037,-0.6080917872566389,-17.400867203593346,14.996772073178047,3.706451383335924,4.337050916282996
2025-07-31,5.135242537986222,-0.6071928339646384,-17.203384258213013,14.758409816254451,3.706451383335924,4.337050916282996
2025-08-01,5.164157479644018,-0.8782942396152653,-17.02825571556638,14.33125366470022,3.706451383335924,4.337050916282996
2025-08-04,5.167660608680038,-0.8932532250816216,-17.047251131981298,14.292980242481013,3.706451383335924,4.337050916282996
2025-08-05,5.093161200132768,-0.79274709008032,-17.193999319736,14.583854900919146,3.706451383335924,4.337050916282996
2025-08-06,5.127482078382425,-0.8383496177152647,-17.842227249676007,15.21306750763873,3.706451383335924,4.337050916282996
2025-08-07,5.152688759643381,-0.8547065889615204,-17.023077398396513,14.403096171415623,3.706451383335924,4.337050916282996
2025-08-08,5.218572161817507,-0.9441536331663012,-16.07596692723677,13.511321012045917,3.706451383335924,4.337050916282996
2025-08-11,5.224478410293783,-0.9576865489221857,-15.62516526870357,13.034473629553982,3.706451383335924,4.337050916282996
2025-08-12,5.262687722172987,-1.0295693606135201,-16.227143230042465,13.652293819250104,3.706451383335924,4.337050916282996
2025-08-13,5.206215391339646,-1.0056290584850573,-16.422346196984865,13.808709191322192,3.706451383335924,4.337050916282996
2025-08-14,5.219094067963802,-0.9664957795518754,-16.978444915163394,14.443901607391448,3.706451383335924,4.337050916282996
2025-08-15,5.221607168848142,-0.9360855884002399,-18.006261608703554,15.545595867451313,3.706451383335924,4.337050916282996
2025-08-18,5.226009664328216,-0.9355726649765952,-18.17415203600924,15.732370596946105,3.706451383335924,4.337050916282996
2025-08-19,5.174254585824268,-0.8861138146486676,-18.41678414061506,15.964922703054636,3.706451383335924,4.337050916282996
2025-08-20,5.189165392177772,-0.9052973849456287,-18.248823046405544,15.713848062426123,3.706451383335924,4.337050916282996
2025-08-21,5.212343621909054,-0.8995483721533195,-17.89827988277355,15.436396648561967,3.706451383335924,4.337050916282996
2025-08-22,5.216530771882333,-0.965054760863773,-18.360073545222853,15.681802950308052,3.706451383335924,4.337050916282996
2025-08-25,5.20007224573601,-0.9281432107880336,-18.2847645198219,15.711853450487475,3.706451383335924,4.337050916282996
2025-08-26,5.245425910326021,-0.9901947752375473,-19.084505423322156,16.327363549251118,3.706451383335924,4.337050916282996
2025-08-27,5.2715623774409615,-1.0041328055440752,-19.79605089757851,16.89468155152331,3.706451383335924,4.337050916282996
2025-08-28,5.218029332688811,-0.9291832059940124,-19.66810266569377,16.767291772147235,3.706451383335924,4.337050916282996
2025-08-29,5.298484512152186,-1.042035769391468,-19.662043967102612,16.67405023398989,3.706451383335924,4.337050916282996
2025-09-02,5.330179546959894,-1.0540144950882946,-19.945676999077488,17.056178816315775,3.706451383335924,4.337050916282996
2025-09-03,5.252560109200516,-1.021121872500219,-19.44142236800704,16.568888679506625,3.706451383335924,4.337050916282996
2025-09-04,5.219890687956074,-0.989368549060798,-19.750291259166328,16.780065739683554,3.706451383335924,4.337050916282996
2025-09-05,5.173216902955037,-1.0789722072421437,-18.010698934092446,15.103726204703511,3.706451383335924,4.337050916282996
2025-09-08,5.048340614274126,-0.9774723124078097,-17.58956232939736,14.84333797591437,3.706451383335924,4.337050916282996
2025-09-09,5.071626108663293,-0.9694820871260266,-17.397321035548003,14.655417886136492,3.706451383335924,4.337050916282996
2025-09-10,5.079885644906802,-0.9981881842045577,-16.395856928281674,13.589254583657532,3.706451383335924,4.337050916282996
2025-09-11,5.044079659088026,-0.9907339766019638,-15.666108437130024,12.91200179270462,3.706451383335924,4.337050916282996
2025-09-12,5.059761658057941,-1.0120949855148484,-15.423168817244186,12.813960322734157,3.706451383335924,4.337050916282996
2025-09-15,5.064042649255171,-1.0211781388384558,-15.397403433782143,12.703302242045778,3.706451383335924,4.337050916282996
2025-09-16,5.04238034333125,-1.0307127963961138,-15.491656440328473,12.847584847871664,3.706451383335924,4.337050916282996
2025-09-17,5.072744692131238,-1.0799998283117132,-14.486079995859686,11.90713543361298,3.706451383335924,4.337050916282996
2025-09-18,5.142576879112007,-1.1530235399647588,-14.315766361888564,11.790751746926881,3.706451383335924,4.337050916282996
2025-09-19,5.1567082790552465,-1.1750176673775288,-14.414796287830747,11.954546709722724,3.706451383335924,4.337050916282996
2025-09-22,5.152297310759032,-1.150422848102004,-14.642343706879863,12.21666181970697,3.706451383335924,4.337050916282996
2025-09-23,5.118057839176028,-1.1151255253162395,-14.685786252184757,12.222412820273757,3.706451383335924,4.337050916282996
2025-09-24,5.166443297501963,-1.1707762996179696,-13.786674791211142,11.371205934018217,3.706451383335924,4.337050916282996
2025-09-25,5.11707198342815,-1.0830062553958448,-13.446118797814442,11.181500168293779,3.706451383335924,4.337050916282996
2025-09-26,5.140053261191199,-1.1429574847746977,-13.195572800986731,11.002097821535756,3.706451383335924,4.337050916282996
2025-09-29,5.074921522635799,-1.0797972793608532,-13.087017784082638,10.879176386371926,3.706451383335924,4.337050916282996
2025-09-30,5.150085194101112,-1.1967076821748264,-12.608403820610121,10.324783160204714,3.706451383335924,4.337050916282996
2025-10-01,5.1740865289358595,-1.2653094767458892,-12.78118687819124,10.365597409903977,3.706451383335924,4.337050916282996
2025-10-02,5.159657929946205,-1.2531561688274075,-12.415457432057634,9.971846733797047,3.706451383335924,4.337050916282996
2025-10-03,5.167769349888551,-1.2669442384524863,-11.938157850355074,9.623198673257615,3.706451383335924,4.337050916282996
2025-10-06,5.200827665588859,-1.2964901100289605,-12.165576708238303,9.931659766378905,3.706451383335924,4.337050916282996
2025-10-07,5.152464979428104,-1.2399746294355776,-12.72611737644464,10.430231260529,3.706451383335924,4.337050916282996
2025-10-08,5.157339152713273,-1.2432497109272989,-12.201830241770887,9.921600687862837,3.706451383335924,4.337050916282996
2025-10-09,5.154347361111007,-1.2439885865948823,-12.086078209668349,9.854877438252249,3.706451383335924,4.337050916282996
2025-10-10,5.067359940664332,-1.2000997460229321,-12.118359279220051,9.79661250472588,3.706451383335924,4.337050916282996
2025-10-14,5.058871769086497,-1.202121715194596,-12.95740220222215,10.538904489856176,3.706451383335924,4.337050916282996
2025-10-15,5.049983805718089,-1.172818176290345,-13.166278688253993,10.824418571197578,3.706451383335924,4.337050916282996
2025-10-16,5.016443472552162,-1.1851954569910421,-13.486133694069789,11.013824976797636,3.706451383335924,4.337050916282996
2025-10-17,5.034609156526586,-1.1979354102468294,-12.919694181611346,10.540643799352798,3.706451383335924,4.337050916282996
2025-10-20,4.995882002232923,-1.1484204505614022,-13.039822920988943,10.668830505479304,3.706451383335924,4.337050916282996
2025-10-21,4.973429291189705,-1.126177135375685,-12.880828371974603,10.465025929514638,3.706451383335924,4.337050916282996
2025-10-22,4.9829686053781925,-1.149321643537374,-12.608972509951128,10.184306104644058,3.706451383335924,4.337050916282996
2025-10-23,5.015976806358167,-1.1681491565613118,-12.2685292511829,9.91911581208318,3.706451383335924,4.337050916282996
2025-10-24,5.007492431444904,-1.1687367607043802,-12.544387141573136,10.24409073097609,3.706451383335924,4.337050916282996
2025-10-27,4.986432994549601,-1.1389696679439423,-12.030763102285734,9.757735656796825,3.706451383335924,4.337050916282996
2025-10-28,4.961732780284828,-1.1240948653325251,-11.897562973484927,9.646330842655665,3.706451383335924,4.337050916282996
2025-10-29,4.9636040469193,-1.0244171646721147,-12.086789277436749,9.981119201492481,3.706451383335924,4.337050916282996
2025-10-30,5.008856279783564,-1.0504680317743995,-12.581527075179103,10.44983827310852,3.706451383335924,4.337050916282996
2025-10-31,5.0379621196765925,-1.07517727979725,-12.981485228962724,10.773410067077682,3.706451383335924,4.337050916282996
2025-11-03,5.084241303432812,-1.1314008130257922,-12.746454990115149,10.50615692372765,3.706451383335924,4.337050916282996
2025-11-04,5.06386596829192,-1.139685388416001,-12.656275825019886,10.418244854098285,3.706451383335924,4.337050916282996
2025-11-05,5.0978494731498,-1.139972484421741,-12.979494358980343,10.872232020591415,3.706451383335924,4.337050916282996
2025-11-06,5.0782815419538725,-1.1636452999067437,-13.10376787595699,10.855807327485874,3.706451383335924,4.337050916282996
2025-11-07,5.083295900359353,-1.1668373854401648,-13.625055036929364,11.351865495795387,3.706451383335924,4.337050916282996
2025-11-10,5.068542876896464,-1.1441947726167974,-13.344087331892654,11.189680190555313,3.706451383335924,4.337050916282996
2025-11-12,5.0542243273523795,-1.1271854624272832,-13.244625249737737,10.95437549120371,3.706451383335924,4.337050916282996
2025-11-13,5.114852128552413,-1.1717215484908614,-12.972940880195743,10.664907553755159,3.706451383335924,4.337050916282996
2025-11-14,5.143281272459863,-1.1799850871774287,-13.337814108970004,11.062745988970052,3.706451383335924,4.337050916282996
2025-11-17,5.127450617655926,-1.1559490990899226,-13.390709984688964,11.074061108915283,3.706451383335924,4.337050916282996
2025-11-18,5.159737254236667,-1.2126150509606368,-13.75953695611858,11.361342560023646,3.706451383335924,4.337050916282996
2025-11-19,5.184361081149817,-1.2272557443469014,-13.50347846446867,11.072113085855284,3.706451383335924,4.337050916282996
2025-11-20,5.17488775403185,-1.2415180150565448,-13.553701726481842,11.070368268619022,3.706451383335924,4.337050916282996
2025-11-21,5.162956891986775,-1.2395624937048497,-14.472080544187632,11.873831112766647,3.706451383335924,4.337050916282996
2025-11-24,5.136131152568291,-1.226472867159563,-13.97359835587538,11.379577665202765,3.706451383335924,4.337050916282996
2025-11-25,5.135125925318022,-1.2116849788040973,-14.573593570320886,11.844161833063762,3.706451383335924,4.337050916282996
2025-11-26,5.079180980173922,-1.13010826243138,-14.678913961210556,12.004481447351717,3.706451383335924,4.337050916282996
2025-11-28,5.0905941786148405,-1.1392540583329265,-14.698102577222617,12.09876125280833,3.706451383335924,4.337050916282996
2025-12-01,5.159703190980194,-1.2314665840115473,-14.256898149492956,11.822284072854792,3.706451383335924,4.337050916282996
2025-12-02,5.178124131992885,-1.2812530774615551,-14.100335781469697,11.644184930514339,3.706451383335924,4.337050916282996
2025-12-03,5.19615044396882,-1.3207258704423768,-13.960161942275816,11.393015061470397,3.706451383335924,4.337050916282996
2025-12-04,5.238231764876293,-1.3642552040094702,-13.189511036275695,10.731380556011757,3.706451383335924,4.337050916282996
2025-12-05,5.192143193183663,-1.294717824311013,-13.986571436999686,11.699612504026344,3.706451383335924,4.337050916282996
2025-12-08,5.190786693788245,-1.3088327416948786,-13.739636197770965,11.608460857388366,3.706451383335924,4.337050916282996
2025-12-09,5.163148756125129,-1.278737876075615,-13.203510023888851,11.18145702883512,3.706451383335924,4.337050916282996
2025-12-10,5.296326940252873,-1.4702444580003893,-11.906497305142684,9.551630504395622,3.706451383335924,4.337050916282996
2025-12-11,5.214035736183819,-1.41341578284589,-13.004287172165247,10.844233642794128,3.706451383335924,4.337050916282996
2025-12-12,5.312074635208267,-1.5379265113101939,-12.83564303062362,10.687271170467877,3.706451383335924,4.337050916282996
2025-12-15,5.3563140771483795,-1.6202362738449332,-12.096905175690928,9.854750922487836,3.706451383335924,4.337050916282996
2025-12-16,5.355303854458187,-1.6280393408208966,-12.068138010133872,9.70497175197718,3.706451383335924,4.337050916282996
2025-12-17,5.348852565000599,-1.610998838840672,-12.334193411262019,10.003450975089281,3.706451383335924,4.337050916282996
2025-12-18,5.309506364371087,-1.5718202526672207,-12.764979883283292,10.382563351255563,3.706451383335924,4.337050916282996
2025-12-19,5.321479072328008,-1.5941542203160277,-12.565486520252163,10.296285847732001,3.706451383335924,4.337050916282996
2025-12-22,5.318233951868976,-1.5821370221224003,-12.446395335533335,10.232254273209314,3.706451383335924,4.337050916282996
2025-12-23,5.265294544798746,-1.5045350966719662,-12.315455508565595,10.20492991671328,3.706451383335924,4.337050916282996
2025-12-24,5.234619165657671,-1.4638070875101334,-12.155942115903239,10.019974870208786,3.706451383335924,4.337050916282996
2025-12-26,5.34475702714926,-1.6137464670491708,-11.85970478587783,9.504334286327769,3.706451383335924,4.337050916282996
2025-12-29,5.364414820723605,-1.6528940290826428,-11.492166281935468,9.04904165224747,3.706451383335924,4.337050916282996
2025-12-30,5.421376153932099,-1.7544053596127376,-10.53303003346779,8.074234192953906,3.706451383335924,4.337050916282996
2025-12-31,5.500331153807406,-1.8500048267255345,-9.356680330412951,6.926883372916139,3.706451383335924,4.337050916282996
2026-01-02,5.460555683250504,-1.8085060947266816,-10.439084750072618,8.15184615436969,3.706451383335924,4.337050916282996
2026-01-05,5.46726620548211,-1.8155974907006351,-10.546683282667217,8.145278929928047,3.706451383335924,4.337050916282996
2026-01-06,5.471058050688198,-1.7999968361259362,-10.792570798696346,8.390831379390841,3.706451383335924,4.337050916282996
2026-01-07,5.427651451702655,-1.7512779763036548,-10.41324304315977,7.975422088656725,3.706451383335924,4.337050916282996
2026-01-08,5.528088979243254,-1.8819124442111104,-9.032338361146017,6.592457975068923,3.706451383335924,4.337050916282996
2026-01-09,5.396141289347133,-1.6888492256535512,-9.517094980277122,7.244110528395557,3.706451383335924,4.337050916282996
2026-01-12,5.4512870105175155,-1.7530122753654647,-9.061896428088033,6.732534986944217,3.706451383335924,4.337050916282996
2026-01-13,5.467723942996047,-1.7726165031649659,-9.073873473638555,6.661721833602742,3.706451383335924,4.337050916282996
2026-01-14,5.396737051092638,-1.693129137131681,-9.458209089247367,7.064476506736052,3.706451383335924,4.337050916282996
2026-01-15,5.352967198289183,-1.6281289981074605,-8.972974034210276,6.762580628275622,3.706451383335924,4.337050916282996
2026-01-16,5.356613935978104,-1.6401859625965542,-8.91455284950655,6.917757343354703,3.706451383335924,4.337050916282996
2026-01-20,5.452908469406619,-1.7637653621972156,-9.286381031052057,7.344792932944435,3.706451383335924,4.337050916282996
2026-01-21,5.399665783262774,-1.6866092443653473,-9.571290495216337,7.575682793165906,3.706451383335924,4.337050916282996
2026-01-22,5.386496968379761,-1.6878567059559764,-8.370551622059118,6.433753445960623,3.706451383335924,4.337050916282996
2026-01-23,5.39177444473997,-1.7070085371551227,-7.982322747852036,6.008802064719343,3.706451383335924,4.337050916282996
2026-01-26,5.385831988043053,-1.7104347163224474,-7.555306039114091,5.536498481074258,3.706451383335924,4.337050916282996
2026-01-27,5.448093343228496,-1.8047327650293692,-7.549495594985894,5.502928418313303,3.706451383335924,4.337050916282996
2026-01-28,5.4486994306817085,-1.782829255037738,-8.013837776259802,6.009686343741309,3.706451383335924,4.337050916282996
2026-01-29,5.425533764496597,-1.763792092695283,-8.939252829500381,6.886465457432274,3.706451383335924,4.337050916282996
2026-01-30,5.491421241265877,-1.8643296083487195,-8.648600403747782,6.520288284165725,3.706451383335924,4.337050916282996
2026-02-02,5.501418527764031,-1.847614390994989,-8.733884503768557,6.671564653205532,3.706451383335924,4.337050916282996
2026-02-03,5.502541958865142,-1.8452878972042166,-8.646706559899163,6.565807295255742,3.706451383335924,4.337050916282996
2026-02-04,5.56060378825398,-1.9186615593785334,-8.099644244529415,5.955787889904053,3.706451383335924,4.337050916282996
2026-02-05,5.456264599560237,-1.8483294377151043,-9.63104405855227,7.4415381486212295,3.706451383335924,4.337050916282996
2026-02-06,5.4411851161190405,-1.8100832981863002,-9.572548407116646,7.411951669676628,3.706451383335924,4.337050916282996
2026-02-09,5.421496399594513,-1.7932446050937179,-9.925680419249778,7.784415499308627,3.706451383335924,4.337050916282996
2026-02-10,5.351568961062761,-1.7416038959756626,-9.799502873853402,7.633713362542095,3.706451383335924,4.337050916282996
2026-02-11,5.3774282631010255,-1.7055904803618165,-9.771219416595631,7.598203705320436,3.706451383335924,4.337050916282996
2026-02-12,5.254922867473741,-1.574739404712877,-10.578068494477165,8.347345895152706,3.706451383335924,4.337050916282996
2026-02-13,5.247832132521634,-1.5806003023329862,-11.28358632991423,8.880822729328917,3.706451383335924,4.337050916282996
2026-02-17,5.201912077630715,-1.5050444822685032,-11.1536279134671,8.83034680639611,3.706451383335924,4.337050916282996
2026-02-18,5.223787638442398,-1.5168757573971754,-11.135619426961698,8.865607647134741,3.706451383335924,4.337050916282996
2026-02-19,5.209832330273009,-1.4837845899620676,-11.351205581096854,9.04641190520081,3.706451383335924,4.337050916282996
2026-02-20,5.217611317236303,-1.4659741065544765,-11.831779490365907,9.496648314325867,3.706451383335924,4.337050916282996
2026-02-23,5.228011489001617,-1.4485571657444476,-12.744245043533427,10.135642464514788,3.706451383335924,4.337050916282996
2026-02-24,5.199337747632017,-1.4084311614798133,-12.66495869295344,10.141749558412792,3.706451383335924,4.337050916282996
2026-02-25,5.179295230159506,-1.391273337349343,-12.365306331275319,9.930567496629573,3.706451383335924,4.337050916282996
2026-02-26,5.155522228662806,-1.366200151977698,-12.704585496955957,10.187981158604241,3.706451383335924,4.337050916282996
2026-02-27,5.142592089157299,-1.3739401473237778,-13.347535411654386,10.700197939463326,3.706451383335924,4.337050916282996
2026-03-02,5.164917642441335,-1.3561486399799967,-12.815080703966942,10.382033894049298,3.706451383335924,4.337050916282996
2026-03-03,5.153226094781582,-1.3207451361537508,-12.94870546377806,10.546016171305011,3.706451383335924,4.337050916282996
2026-03-04,5.161389310451563,-1.3058549538515,-12.535955165248671,10.194553097710298,3.706451383335924,4.337050916282996
2026-03-05,5.104096334116976,-1.2425470061519641,-13.051154143338074,10.979786143091204,3.706451383335924,4.337050916282996
2026-03-06,5.109246702224581,-1.2708423321879974,-13.496663527526016,11.502484167184532,3.706451383335924,4.337050916282996
2026-03-09,5.056491733145641,-1.191544332161068,-13.676233272261028,11.655834416743428,3.706451383335924,4.337050916282996
2026-03-10,5.131706732083531,-1.26855802112147,-13.348588191218113,11.278998580532633,3.706451383335924,4.337050916282996
2026-03-11,5.257468125917418,-1.3810629960635232,-12.860898531973485,10.762238412424207,3.706451383335924,4.337050916282996
2026-03-12,5.31918200999939,-1.4082106559463223,-10.722143325169768,8.737467619148592,3.706451383335924,4.337050916282996
2026-03-13,5.30043490097864,-1.3836611583393215,-12.09557925161054,10.155714233022792,3.706451383335924,4.337050916282996
2026-03-16,5.246931285336219,-1.3279391943153256,-12.868771558700521,10.791111502583043,3.706451383335924,4.337050916282996
2026-03-17,5.273113452869002,-1.3597031469712382,-12.42523437281031,10.233370006499172,3.706451383335924,4.337050916282996
2026-03-18,5.326036089877218,-1.3966152137778574,-10.87887132770176,8.81500019328189,3.706451383335924,4.337050916282996
2026-03-19,5.225835633134539,-1.216498310097185,-11.192486775489177,9.210780534365862,3.706451383335924,4.337050916282996
2026-03-20,5.288215852778481,-1.2024565871565587,-12.269042794118144,10.564407036772705,3.706451383335924,4.337050916282996
2026-03-23,5.233719616375667,-1.1824642149912448,-12.649517718462771,10.915523957227729,3.706451383335924,4.337050916282996
2026-03-24,5.297262668979085,-1.220069222499484,-10.839440442179708,9.141828444267023,3.706451383335924,4.337050916282996
2026-03-25,5.310254843279665,-1.2735975976869607,-10.131427940002451,8.24731739566149,3.706451383335924,4.337050916282996
2026-03-26,5.343329374365521,-1.3124811124290536,-8.093620921261252,6.547192082838368,3.706451383335924,4.337050916282996
2026-03-27,5.323793693903156,-1.318835625368138,-10.522855472394657,9.023851526932942,3.706451383335924,4.337050916282996
2026-03-30,5.259652446738949,-1.2905397035080852,-10.975814672313833,9.313797542290821,3.706451383335924,4.337050916282996
2026-03-31,5.276051194978247,-1.3223843892868952,-10.734341365310245,8.892806884838834,3.706451383335924,4.337050916282996
2026-04-01,5.338275789240777,-1.4198505892634352,-9.76388125091924,7.99827038524502,3.706451383335924,4.337050916282996
2026-04-02,5.279673958147945,-1.3422692610144384,-10.308470706703858,8.527073306962057,3.706451383335924,4.337050916282996
2026-04-03,5.303305311737298,-1.3246185616517099,-10.097792474546255,8.371309203013626,3.706451383335924,4.337050916282996
2026-04-06,5.297711288536082,-1.3514367746893674,-9.180094948562745,7.474511530395715,3.706451383335924,4.337050916282996
2026-04-07,5.308001336940233,-1.3507358249504935,-10.298536264362118,8.49011534071946,3.706451383335924,4.337050916282996
2026-04-08,5.304195009724868,-1.3538536476316567,-10.385395500705625,8.471394543093627,3.706451383335924,4.337050916282996
2026-04-09,5.329350788560338,-1.3878249231064221,-10.499766560702886,8.54316522435108,3.706451383335924,4.337050916282996
2026-04-10,5.314662089541795,-1.3655076294162052,-10.598922757889811,8.745516435503664,3.706451383335924,4.337050916282996
2026-04-13,5.29841248618514,-1.3476921963174255,-10.938409587671591,9.033285754460138,3.706451383335924,4.337050916282996
2026-04-14,5.291747091965102,-1.3397721369056264,-11.073025148078221,9.012299177519372,3.706451383335924,4.337050916282996
2026-04-15,5.325266496416648,-1.390632536269916,-10.624730949042462,8.620657790584618,3.706451383335924,4.337050916282996
2026-04-16,5.37282077310907,-1.4453759040756253,-10.65735435800218,8.664362760126547,3.706451383335924,4.337050916282996
2026-04-17,5.299915403476633,-1.384163926645528,-11.825298421778117,9.75371107822006,3.706451383335924,4.337050916282996
2026-04-20,5.310025236235988,-1.3963164035816322,-11.259707073843293,9.186815210016515,3.706451383335924,4.337050916282996
2026-04-21,5.344594298895014,-1.4263011664319567,-10.066765284089824,8.084828166341707,3.706451383335924,4.337050916282996
2026-04-22,5.36305703557178,-1.45010020070764,-9.644785672880301,7.672008863362005,3.706451383335924,4.337050916282996
2026-04-23,5.39575040623269,-1.4904655234399056,-8.87941355622963,6.996006187755299,3.706451383335924,4.337050916282996
2026-04-24,5.344518245576165,-1.437591784536862,-10.163056270295678,8.241603085917436,3.706451383335924,4.337050916282996
2026-04-27,5.399184213464716,-1.4969279064233492,-9.64705625260346,7.751786164928037,3.706451383335924,4.337050916282996
2026-04-28,5.415052402312799,-1.5147182869275617,-8.623043060046433,6.790511803461002,3.706451383335924,4.337050916282996
2026-04-29,5.4879181270222235,-1.563871411914246,-7.3347276209739585,5.56693459063562,3.706451383335924,4.337050916282996
2026-04-30,5.501256020626606,-1.6071659894543289,-7.903162600222582,6.05595557526228,3.706451383335924,4.337050916282996
2026-05-01,5.488674906757184,-1.5936463395456477,-7.538715687460531,5.705969339928393,3.706451383335924,4.337050916282996
2026-05-04,5.561672499618428,-1.63723091178163,-6.820359272604472,5.028569912738791,3.706451383335924,4.337050916282996
2026-05-05,5.52619695516436,-1.6446177371667159,-6.181066109695736,4.463933449475867,3.706451383335924,4.337050916282996
2026-05-06,5.4945733192306605,-1.6226806618260325,-6.810976695433059,4.897894818194357,3.706451383335924,4.337050916282996
2026-05-07,5.562115189111651,-1.6910148640363238,-5.7684368413435685,3.8952621686107487,3.706451383335924,4.337050916282996
2026-05-08,5.536593113616061,-1.6652084940989997,-5.907408006875374,3.979079311587799,3.706451383335924,4.337050916282996
2026-05-11,5.587034492097926,-1.7114265960799897,-5.104286141965292,3.2500248698724508,3.706451383335924,4.337050916282996
2026-05-12,5.639548118397661,-1.7573017237649684,-4.592012351971238,2.823365502102069,3.706451383335924,4.337050916282996
2026-05-13,5.66550460873402,-1.7930188697211236,-4.67833659573651,2.86208018094162,3.706451383335924,4.337050916282996
2026-05-14,5.65936810146502,-1.7880180151303944,-3.832352697451263,2.048403157824351,3.706451383335924,4.337050916282996
2026-05-15,5.710037082713935,-1.8436557215509541,-3.5795418007217763,2.1875519268851633,3.706451383335924,4.337050916282996
2026-05-18,5.700920822081366,-1.824238363006097,-3.960475103427355,2.5891516267640644,3.706451383335924,4.337050916282996
2026-05-19,5.729626432996118,-1.872703873897605,-3.3476028231043644,2.179345522648918,3.706451383335924,4.337050916282996
2026-05-20,5.694426487683012,-1.829223182056988,-4.146393723401731,2.667616497536859,3.706451383335924,4.337050916282996
2026-05-21,5.672722157862193,-1.7792286983203796,-3.6360591060983265,2.1894654307003223,3.706451383335924,4.337050916282996
2026-05-22,5.657588646599354,-1.726891085002832,-2.6373645561202963,1.182345899129833,3.706451383335924,4.337050916282996
2026-05-26,5.631628101987472,-1.7197059653386075,-3.5479412085211885,1.9108176597244064,3.706451383335924,4.337050916282996
2026-05-27,5.6069587065492685,-1.701288533341243,-3.6149654054521134,1.9820804618536023,3.706451383335924,4.337050916282996
2026-05-28,5.58837039353763,-1.689372970228498,-3.352558961089952,1.6815296481704065,3.706451383335924,4.337050916282996
2026-05-29,5.590106876529738,-1.6775803174312114,-3.9020245755177263,2.1623907032556606,3.706451383335924,4.337050916282996
2026-06-01,5.587017611842215,-1.6754027578404838,-3.0628344265947445,1.4459818321824305,3.706451383335924,4.337050916282996
2026-06-02,5.5724181336017375,-1.663835322128942,-2.7188953315044797,1.0854775285121878,3.706451383335924,4.337050916282996
2026-06-03,5.591234722670409,-1.6791328390389793,-2.364576536669836,0.8327337673196746,3.706451383335924,4.337050916282996
2026-06-04,5.545174479014784,-1.6374514302531162,-3.2172116567267803,1.690959604576403,3.706451383335924,4.337050916282996
2026-06-05,5.560734484139197,-1.5965856299763383,-2.092950836634337,0.7688783582717835,3.706451383335924,4.337050916282996
2026-06-08,5.5937909869901405,-1.6259904764438096,-2.3626963209442104,0.9813552288741704,3.706451383335924,4.337050916282996
2026-06-09,5.568226587034481,-1.6105469511262513,-2.624974065841081,1.2055202603399489,3.706451383335924,4.337050916282996
2026-06-10,5.5840160111568,-1.6225072457486474,-2.8494518604282653,1.4447812013619084,3.706451383335924,4.337050916282996
2026-06-11,5.504887835377193,-1.5479170828207975,-3.5695241663397583,1.9840235990469295,3.706451383335924,4.337050916282996
2026-06-12,5.5320061126346864,-1.5745186329777128,-3.1112724416300677,1.5881900637881659,3.706451383335924,4.337050916282996
2026-06-15,5.55460155873221,-1.6066073761771942,-3.144690613933893,1.5107314521669426,3.706451383335924,4.337050916282996
2026-06-16,5.505429643064765,-1.541424127323478,-3.283404330559818,1.582056689218106,3.706451383335924,4.337050916282996
2026-06-17,5.479679103741104,-1.378501017930637,-2.256269569686044,0.702535068908,3.706451383335924,4.337050916282996
2026-06-18,5.460864634339714,-1.3619446951982506,-2.356383855997001,0.7049808512721235,3.706451383335924,4.337050916282996
2026-06-22,5.477955176167054,-1.3237035779230442,-2.5364050448830326,0.9635043813010783,3.706451383335924,4.337050916282996
2026-06-23,5.467493313436855,-1.344559762680886,-2.8649656414175366,1.2995065132054615,3.706451383335924,4.337050916282996
2026-06-24,5.381287140344748,-1.2430066403934241,-3.5580144317787727,1.8134569220072263,3.706451383335924,4.337050916282996
2026-06-25,5.36584917162167,-1.2139220257280452,-4.465736378796162,2.6606803483500725,3.706451383335924,4.337050916282996
2026-06-26,5.391081367095585,-1.247638950872461,-4.881327259667,2.9577054494219497,3.706451383335924,4.337050916282996
2026-06-29,5.384102662863484,-1.2235460136358824,-4.66094458525003,2.738935368540279,3.706451383335924,4.337050916282996
2026-06-30,5.439878811424798,-1.2722016227362494,-4.5420485523250616,2.70450121270441,3.706451383335924,4.337050916282996
2026-07-01,5.525113477135165,-1.3597907057339103,-3.850597267899563,2.016716950296975,3.706451383335924,4.337050916282996
2026-07-02,5.495961057328729,-1.3443153730232553,-5.0184262650291735,3.275559756972031,3.706451383335924,4.337050916282996
2026-07-06,5.526900666197656,-1.3913621282608495,-5.030318033742966,3.1898381200056742,3.706451383335924,4.337050916282996
2026-07-07,5.595760704128144,-1.4342135882537916,-4.475610630955021,2.6985536273294812,3.706451383335924,4.337050916282996
2026-07-08,5.589880130265631,-1.418361408243245,-4.588324454195876,2.903126814825605,3.706451383335924,4.337050916282996
2026-07-09,5.5883004796966524,-1.438877790775631,-5.000894639679805,3.2516180206739667,3.706451383335924,4.337050916282996
2026-07-10,5.5999099580339795,-1.42559143053173,-4.572379651187506,2.865402240499516,3.706451383335924,4.337050916282996
2026-07-13,5.626354743754677,-1.416836446363727,-4.083385402646609,2.466933643825985,3.706451383335924,4.337050916282996
2026-07-14,5.624825063959049,-1.5016125424099476,-4.239551010228743,2.6015416797289674,3.706451383335924,4.337050916282996
2026-07-15,5.647087175634248,-1.5604232569320002,-4.595153479641274,2.819841967718288,3.706451383335924,4.337050916282996
2026-07-16,5.661493464693586,-1.5562474760529126,-4.479530221533603,2.7249999076002793,3.706451383335924,4.337050916282996
2026-07-17,5.647487699912437,-1.5255671648537195,-3.9487942662619537,2.161487267067394,3.706451383335924,4.337050916282996
