Date,1Y,2Y,3Y,5Y,7Y,10Y,15Y,20Y,30Y
2022-09-19,3.443948675953366,3.69439131227183,3.8292144521663136,4.00572393078629,4.086076318242098,4.137004114997832,4.1679960193075685,4.189065262820016,4.2020325504275
2022-09-20,3.5294838468385055,3.7711824275128585,3.917902304179442,4.08254925323666,4.156672694279602,4.199561004633095,4.255820044025816,4.253570302430097,4.262913554748813
2022-09-21,3.4703107314302097,3.68200284717652,3.844029108041801,3.9957209702169405,4.073551932095751,4.106011194599877,4.15566436159775,4.170878305663603,4.178664579512137
2022-09-22,3.4279135028348144,3.6465690194242417,3.8063344868973967,3.9630594382495916,4.034938673070977,4.073148127915811,4.113204995488453,4.110281532039847,4.131332946559218
2022-09-23,3.410022863980736,3.6363456876363003,3.7693155845012556,3.94056012796961,4.0071229653752205,4.056308895782411,4.087008622906965,4.108139555302206,4.120227477326877
2022-09-26,3.4367908319348577,3.645849321996877,3.772330823953197,3.9407497754269336,4.016767385744835,4.062107428098557,4.090396175980417,4.108591317103644,4.121455537201394
2022-09-27,3.408391365049792,3.648853387739039,3.784809434166549,3.9461806488946696,4.033242298085868,4.077987459494503,4.111587694678975,4.13274540716317,4.129555769971834
2022-09-28,3.4185112237410116,3.6262129572686645,3.7756466324972813,3.941668704727061,4.02776292958022,4.08653251224001,4.1026900179752435,4.107196919423116,4.13414840451066
2022-09-29,3.408268547239443,3.626368675917453,3.7835417324605634,3.9508214745250956,4.024771352604826,4.080569881098687,4.111554552649813,4.1188628593801395,4.134310574692329
2022-09-30,3.354230920766964,3.5778177156057027,3.7167458924417365,3.9093639636196436,4.00283707073979,4.040846184397255,4.087738061201146,4.109087998375111,4.125266745143162
2022-10-03,3.3881690684351384,3.6215050066058825,3.778380357121864,3.9529504605667056,4.032313987199488,4.100233710004015,4.14321167373819,4.1521976262336455,4.17904267831363
2022-10-04,3.3674435524889494,3.5709431427019296,3.712733770516895,3.892497135034436,3.9612453667193606,4.013776964705787,4.062365410236631,4.089699919583556,4.090741512773813
2022-10-05,3.379216722607019,3.6014568938814255,3.7425189696558196,3.902755716704963,3.990008599689619,4.051405962336618,4.073006359204405,4.102107680119621,4.12101263770787
2022-10-06,3.4959921519304293,3.68409890910245,3.8225402596246982,3.983838935900867,4.060646221287769,4.110912892583775,4.146367772233203,4.147322298986177,4.1652329336425975
2022-10-07,3.3934519396583442,3.6136536701769644,3.7634027989358656,3.914721895007047,3.9870533381821214,4.045448955283739,4.076888415083525,4.106015994002008,4.104439689983771
2022-10-10,3.409892068745153,3.631411127117446,3.773666648618361,3.9412062996735973,4.025356970662169,4.0710635197547855,4.1130870188961675,4.14057135418223,4.165450424809224
2022-10-11,3.505780900233413,3.7127567920546647,3.862206018943969,4.018832509686701,4.0884741816203585,4.143065016640434,4.176371575522429,4.203071626545473,4.22184398061429
2022-10-12,3.563734939336259,3.768013389821805,3.8849313497839613,4.047201306074167,4.130801551595619,4.166372733584867,4.180947099430019,4.208298502186662,4.21924293534055
2022-10-13,3.562010234217247,3.754015608322338,3.8907971220764592,4.033225785032781,4.119514668012814,4.165776952515327,4.202722239881158,4.208579987770516,4.245220282214646
2022-10-14,3.5881663200400116,3.783022337147995,3.9014764854203565,4.06651770305589,4.1543785366564805,4.2041625843190165,4.237456205464936,4.252252060210675,4.270886470489067
2022-10-17,3.6049485148825484,3.797246807452617,3.9391843606705033,4.076176830928076,4.166797633111607,4.205383254018091,4.237783923232501,4.245535120839757,4.253109170776033
2022-10-18,3.6363824146014294,3.8292666664252812,3.964211359696324,4.100657987231008,4.17330308879275,4.222045860094306,4.248871809619548,4.272307504143596,4.282924062518387
2022-10-19,3.631428853404845,3.8140260499089815,3.9675334897377716,4.124693438708257,4.1937120709186795,4.244138480604371,4.298649036142173,4.310400560228191,4.319638224733931
2022-10-20,3.711009533897366,3.92877154517341,4.070128825023652,4.206469331995649,4.277645263839694,4.329595624444947,4.355238484186782,4.374022713220274,4.381737103213552
2022-10-21,3.7929227469087676,3.981770401800286,4.112087026766502,4.241934655757005,4.31366065184205,4.359146839748104,4.375692983002833,4.39070728458368,4.413859800935
2022-10-24,3.794201142727429,3.9927241363230954,4.131110421592639,4.261669446151923,4.34698752718134,4.393945982785066,4.417443280454473,4.433700630424824,4.440140421513356
2022-10-25,3.799718812387145,4.001532040203003,4.122306575595305,4.2585045329787015,4.321266922483148,4.385007774689907,4.4105044191470695,4.411963802633966,4.419219009668393
2022-10-26,3.8400063311507813,4.036898770909634,4.160959658101199,4.285053799073323,4.36723893475805,4.40382691758087,4.440100144446852,4.417973070931393,4.435549515192895
2022-10-27,3.8885825464186237,4.056268995149993,4.190644176787568,4.338470219240107,4.394481915573956,4.421297887771588,4.446371863474656,4.449483944977786,4.449650994807745
2022-10-28,3.8592389292369615,4.055896225434014,4.155405886198827,4.297999665179631,4.3625894170606765,4.397856891663791,4.408145549963476,4.400780548959847,4.404058291022063
2022-10-31,3.8861907835852194,4.078456980148986,4.200386591721163,4.328144151728702,4.374885349921539,4.411947454560406,4.439419651702866,4.446227736776432,4.4453574956109465
2022-11-01,3.9498135915369854,4.141283668200185,4.261870475103753,4.375439672410807,4.423238341048393,4.460073885578715,4.479859966762623,4.481595080648707,4.484318509968232
2022-11-02,4.01530579501898,4.194798439416725,4.306844527952115,4.44717164484786,4.4910695239262255,4.51736251194992,4.540403175939286,4.552662707262519,4.552684521876692
2022-11-03,4.015139151959828,4.189706370899804,4.294154639089781,4.399053886546975,4.4634471689304505,4.496256555941097,4.490898337774981,4.49317650406788,4.503138661465749
2022-11-04,3.967349586480179,4.127600728035869,4.269414793453196,4.385598154289822,4.443338743229662,4.474624842158259,4.504474276893313,4.507240614551175,4.503384618173677
2022-11-07,3.9077374879853144,4.091064351032559,4.210937091088483,4.338492101630626,4.389575131801824,4.421338080266338,4.447606674050598,4.4451274770091445,4.449163399657638
2022-11-08,3.9011934697250505,4.071670434774434,4.18571533615413,4.314505047137455,4.37336601009644,4.419153022252224,4.416110486060896,4.423046391140787,4.432660903092037
2022-11-09,3.8362441040620445,4.023801022618299,4.1332725128046715,4.275076902565655,4.319218409377818,4.349705435661191,4.354684325969338,4.3468818558683155,4.350043926391397
2022-11-10,3.880082614278585,4.060722242357193,4.174700138767606,4.300219507140028,4.35787087026836,4.349541794623038,4.373936583286165,4.370759974744476,4.357370834559616
2022-11-11,3.8719564871131404,4.045018146234953,4.148429952430296,4.272132777781747,4.311334058654495,4.333838012443974,4.3377565429586395,4.3448804829370475,4.342489397561317
2022-11-14,3.9024868723761545,4.072542748739544,4.185134344244447,4.321176970167056,4.366346263336101,4.378309006389136,4.394754746908827,4.401521323808869,4.388233751999229
2022-11-15,4.002640730259843,4.169074843611176,4.288010173635325,4.406252692246083,4.441007624272091,4.469063050170213,4.449029809850748,4.463014361091766,4.464946633266477
2022-11-16,4.015290810769831,4.19813947963641,4.3016198370938845,4.418610992716008,4.4338081561853855,4.46438873597745,4.473047763059808,4.478782389821922,4.481604284586688
2022-11-17,4.04483674250975,4.196273215646989,4.321332633545102,4.4387456197188095,4.471911956437127,4.488623688646699,4.506580784189524,4.508124236967124,4.507705135972906
2022-11-18,3.9838086855571135,4.173103864321702,4.275449288356528,4.397935301420056,4.4343064525727955,4.456125202905903,4.462951853718183,4.475479423710314,4.464999806867371
2022-11-21,4.016699949771197,4.1954641725615005,4.313483420641501,4.4253873415313425,4.463978263688829,4.475209507459117,4.486026455029478,4.492375359957671,4.489420950333929
2022-11-22,4.0752060237337115,4.2520909061322145,4.3649762018971,4.4796010003681594,4.520603052708865,4.541156173630975,4.540447746556138,4.540449601811089,4.538904395293545
2022-11-23,4.12306572160584,4.296318215171101,4.416462183330438,4.5352740670882135,4.572211577329244,4.603605505680318,4.610418727272917,4.60454950092839,4.597750124636828
2022-11-24,4.026121586829492,4.22192782143095,4.3251481042572175,4.464733737240248,4.510120758875101,4.539892244983303,4.556742881636527,4.545558769118158,4.5560827807697875
2022-11-25,4.031686245780276,4.219405239082236,4.312812652630039,4.450033633067821,4.495164155704495,4.507324448119317,4.52840046290426,4.5117841800222775,4.504753624985419
2022-11-28,4.030774573226423,4.221996042548013,4.345749313993205,4.4764011849448515,4.529361203936964,4.559086501250677,4.580308330401503,4.565081069235043,4.586637901149704
2022-11-29,4.017193464886586,4.212496369572239,4.339117372761818,4.456735046164241,4.50255628243396,4.521399811125523,4.520538287508043,4.522892544683983,4.535458208284501
2022-11-30,3.9565286180271118,4.1487582952241135,4.287943290217992,4.410339704090592,4.470825154696628,4.499581342312749,4.50788126821281,4.52376360597906,4.521260088389194
2022-12-01,3.9924302046668467,4.1838177909495045,4.3087538210091685,4.431617460364872,4.481914385573304,4.519614120829802,4.509146322303864,4.516920213085387,4.5091174101443405
2022-12-02,3.933243505797455,4.118060256945381,4.234525461856496,4.357132636386612,4.418922240783159,4.434286845723476,4.4602418508512125,4.453800155426762,4.456017499718736
2022-12-05,3.977117236847006,4.158000747581739,4.283907047111466,4.389431090788721,4.427679173121399,4.483135223860172,4.480127382492586,4.502355047180027,4.501551014331385
2022-12-06,3.896395674999628,4.0825063696747055,4.206621836422063,4.317312810435481,4.364846596502199,4.397852536720376,4.404698260721982,4.422324503064338,4.407594962513302
2022-12-07,3.8748817691035535,4.057505914861744,4.176035276687655,4.306783646720868,4.348047340248961,4.3787516820997965,4.385209779873412,4.375990207436536,4.387486035582222
2022-12-08,3.827003568157081,4.0248900089781054,4.138149399558145,4.271576398117741,4.3148014388025855,4.344991454564898,4.3491972838431465,4.356777867807709,4.357428127349572
2022-12-09,3.797891557501843,3.9907776373919055,4.120035676575463,4.239083050455208,4.287533869909091,4.33514636374813,4.343761922724965,4.347791497236345,4.344138811242546
2022-12-12,3.928941747587179,4.102920705746083,4.243946063873224,4.359265122891616,4.416932231026457,4.438143976160589,4.453404104550191,4.455421151332357,4.4497884623802975
2022-12-13,3.926332838098617,4.112446009754792,4.2324526909521145,4.348877514917542,4.412625128820584,4.437845544263258,4.439751780315261,4.4455268764021225,4.432337314179355
2022-12-14,3.90665869848645,4.0977859097066665,4.2207630453494565,4.356495735798784,4.380827163984727,4.415243222604506,4.426694199631538,4.414823275363048,4.417925982848038
2022-12-15,3.870212261520329,4.0778811844921075,4.191426526387497,4.321904599708109,4.3548394547924,4.36640791818521,4.378453352692862,4.372899334622503,4.381463369476252
2022-12-16,3.9482972326158197,4.13910964969936,4.268193322672205,4.382472518858148,4.424948221097318,4.445323606903813,4.44163709454794,4.446299689331484,4.445831955561163
2022-12-19,3.8963878834422867,4.104276956150359,4.210332819661942,4.335902873769113,4.3771001751996055,4.414496748129377,4.415509610431476,4.4197749073688355,4.41231026467966
2022-12-20,3.7916963287225336,4.008305072081638,4.134915406345632,4.276348984997455,4.320569056981806,4.359396392125716,4.36544964328851,4.367718301384221,4.367366468797902
2022-12-21,3.8174656516411063,4.021102922445575,4.157750688346085,4.30007415455406,4.349839355171924,4.364976366945678,4.377499856833287,4.377270834915392,4.37767456595053
2022-12-22,3.764505248511677,3.998111510050637,4.14253748245849,4.271468512969054,4.346020292245083,4.374856657162536,4.390320758984796,4.380729470611187,4.377306256411035
2022-12-23,3.7769693208894024,3.993858757023568,4.120397939497556,4.225534961598919,4.282584385220487,4.321054688857435,4.320387680822471,4.311223935479993,4.322659767072761
2022-12-26,3.740422919714724,3.9425087885195156,4.0731479855318105,4.1985373279421205,4.2522277606178465,4.289987660777805,4.280554157737076,4.284096402126663,4.298242898021488
2022-12-27,3.77466220067205,3.9521816348815353,4.089465531342529,4.213645691044459,4.283720661582063,4.307222739270482,4.3049252365947295,4.303825506932058,4.309903462197635
2022-12-28,3.644976029459772,3.8653570477410475,4.005351739935431,4.129557258404582,4.2089359966139135,4.2359048659496965,4.252673987004764,4.2627136694115615,4.256246158282804
2022-12-29,3.620353711451991,3.8316317375808557,3.977017948946428,4.132287717719637,4.19410936359868,4.235888633858462,4.245390302120061,4.2577379524026435,4.28154555103417
2022-12-30,3.643963459484857,3.849663124718843,3.991170016755288,4.1266029594060685,4.207809982094128,4.24409258567809,4.241308010720036,4.2481407386888455,4.26639253110514
2023-01-02,3.648208477663743,3.857736737612903,4.004053615302056,4.135449837936533,4.199556410276311,4.230800358623179,4.232050789382343,4.235899093815376,4.24133407989274
2023-01-03,3.6556061581720245,3.86279082527086,3.9879296240577524,4.144120235571471,4.186083970158402,4.209424327520252,4.222407826845325,4.220849404494743,4.225369169482578
2023-01-04,3.5296573686126966,3.7540953188230892,3.8931206246080916,4.041426230182018,4.104723582706718,4.135184352722872,4.141158084448334,4.1496556268873706,4.160265909430824
2023-01-05,3.5102676259205117,3.7420905468807746,3.886857172919978,4.042141556836808,4.092247501999907,4.138428597865937,4.138039006396019,4.141387931829651,4.146306472693794
2023-01-06,3.4766164425230976,3.7162503817539627,3.8615651767069363,4.022673978897543,4.066872244551649,4.097709288856274,4.116183928098074,4.126412966578225,4.128067666831115
2023-01-09,3.345606152546926,3.5636832287450986,3.7120453085522986,3.8520349216314083,3.917428827857505,3.961622593819371,3.9619066536903786,3.978502204906315,3.991942821423431
2023-01-10,3.3609726172570995,3.5610080303202447,3.7048449099306513,3.866398110578283,3.9140765566636047,3.96754043818283,3.9881754620601186,3.9791220990559606,3.9806881276291617
2023-01-11,3.308402693322295,3.5494352901393382,3.680615844067714,3.8402379215806626,3.9232629119318596,3.962755383183773,3.9725913386237677,3.9874118214481373,4.003742445749799
2023-01-12,3.281510670364058,3.5074093625139673,3.654393309069976,3.791369082561062,3.8894633642275283,3.9480201434643405,3.9595843817209695,3.9802938188625907,3.9962245584702436
2023-01-13,3.2711356169047474,3.4846663673403038,3.6379216892299455,3.7937520032760315,3.8614659780229346,3.9113860475065723,3.9329662670344803,3.970180574556412,3.958687920908222
2023-01-16,3.244407969104476,3.4662799917181224,3.61416418629299,3.7785922459312724,3.860368641174268,3.9204494525815514,3.9434734791246795,3.9767380254622586,3.984349130325103
2023-01-17,3.232277268198798,3.4667882232968075,3.6146985052334095,3.7878132364461097,3.864272252686164,3.932433462386415,3.970218061652704,3.9829985924536464,4.0174026008695405
2023-01-18,3.271389670544532,3.4919931778229043,3.626007525894657,3.81639370759027,3.8907953917940943,3.9436160868814945,4.007854552003738,4.022609209728498,4.034926861553811
2023-01-19,3.1776277162012074,3.398966953078746,3.5591564873446435,3.728834766144862,3.8125242576298484,3.897193722500841,3.9233469060831037,3.952971186304291,3.97270642457878
2023-01-20,3.06579721483804,3.2905594705023695,3.47153444136325,3.6708336057353925,3.767052781480411,3.8255189153261933,3.8654420826041815,3.900732625312682,3.9089250255488777
2023-01-23,3.023068128245211,3.272765845490668,3.411081190395946,3.6036721905254923,3.7011777178261216,3.7687143722433616,3.813304371172172,3.8243259729268537,3.8689238298209085
2023-01-24,3.0559838051397636,3.293089579398934,3.4366457628829625,3.627551905924677,3.7242115728839735,3.7863895296576873,3.847668168815609,3.8468995000914363,3.879843782328507
2023-01-25,2.9915993611783933,3.228963593117047,3.3902434476407577,3.5720970260388025,3.677330799676771,3.7336740017664023,3.782084004188823,3.8025100866277675,3.8393958879008565
2023-01-26,2.995594373943318,3.23158166641595,3.3862866185425533,3.576231595374162,3.6628245110554087,3.724061363144091,3.7843530180801976,3.8110065456950095,3.841139259546583
2023-01-27,3.019952024132523,3.2427218061883143,3.432571103833731,3.6060579004510886,3.6927131248628027,3.780668175433898,3.8306314086362585,3.8448400704726193,3.869547193468609
2023-01-30,3.0714771037332773,3.3060494841162105,3.4667363910268425,3.667809029491622,3.734783458515514,3.783445456202728,3.841650974316308,3.858322080943319,3.8669817987212975
2023-01-31,3.0301669779104143,3.2705783798622616,3.448198846416385,3.6279924512298605,3.7428897182765835,3.8016082149458095,3.8353011635340186,3.8722654981325246,3.8867275970634183
2023-02-01,3.02329813178103,3.258836167558135,3.4554970712752757,3.635566985433941,3.735250034290711,3.795074768208662,3.8389585923856515,3.8689027405616705,3.8859655772709436
2023-02-02,3.0097017460247977,3.2534287498973677,3.4192716153760228,3.6058503675102536,3.7064216207630896,3.7784515812104225,3.8285342030752036,3.865612119525409,3.8969721712163548
2023-02-03,3.0868771605921315,3.3279959368585144,3.4924743393358546,3.687532393537976,3.7814649693511053,3.858414399143708,3.90051432525868,3.935875285692006,3.949972534574959
2023-02-06,3.1561749054814165,3.391752928540052,3.5318004811275485,3.7406224585578842,3.8107975883515577,3.8755617918046563,3.9107413534393975,3.95587701864163,3.968812997995963
2023-02-07,3.1183329898610026,3.3525124315566517,3.49445590228761,3.7041265307325446,3.7958430925938065,3.8642817930730726,3.9088936578829583,3.929852560769736,3.9704426171025573
2023-02-08,3.00959692784752,3.266725271911663,3.4306941749631217,3.6290007456102495,3.7281245924513233,3.8054430426461687,3.8664611586055018,3.8859087772514607,3.927805626360156
2023-02-09,2.969905911121609,3.2347201529793015,3.393617069779007,3.6012138705020837,3.7196206869388417,3.793527595901236,3.8448644136677697,3.8709346571490957,3.8806517440424666
2023-02-10,3.057215261225762,3.2899656421834105,3.4659953218388866,3.6417187130700173,3.7584751916830363,3.8215975304928373,3.867124856964444,3.881481794732256,3.9259839148865217
2023-02-13,3.0885031672098555,3.32155779513237,3.490933727864835,3.680771757698731,3.769769687880025,3.8331484338627004,3.8912332948317867,3.9078906772411277,3.9435983608516776
2023-02-14,3.03198224624102,3.2509355895775527,3.4192063867980886,3.609531990834577,3.7091980530346143,3.7705729841385307,3.830123573465308,3.843350338775833,3.8797233333120213
2023-02-15,3.054754281649144,3.2889071680838655,3.4538408376016925,3.6314195904834503,3.736874335298428,3.8098248691794616,3.8599042443103153,3.881881952988635,3.9161633010009975
2023-02-16,3.051808155856564,3.2769627575427758,3.434831554925543,3.6292834644279117,3.7197979599177735,3.7934240334120437,3.8401059879707247,3.866106374460422,3.8925543008187935
2023-02-17,3.081218408517736,3.3005828018096177,3.459434488538738,3.6446403347699134,3.735413713456857,3.812087933311557,3.8424566931044293,3.86558429796115,3.8860453302803712
2023-02-20,3.082330048291973,3.28097208091806,3.445807182374515,3.618957752769997,3.6807831171480645,3.746915456075861,3.7777367034046687,3.801549197049083,3.825945246803057
2023-02-21,3.150010743288092,3.3731901408789207,3.527405349120015,3.6849278791934927,3.7699717898552323,3.829150839171589,3.877550709745407,3.895277738523053,3.930667822811257
2023-02-22,3.237772686715876,3.4339231458017285,3.5856515966381672,3.751350677655224,3.8183303950289695,3.892549351730325,3.9176398222658904,3.937972373846879,3.9609599259184067
2023-02-23,3.2734088284640093,3.4964500364950557,3.6608767030627503,3.8188276413324576,3.909476671351433,3.9570970499808884,3.9892014170158765,4.007726130928801,4.0242711461101
2023-02-24,3.3315435085489953,3.5446732542200805,3.6874776384852095,3.843197115509197,3.934744520103032,3.9799378322029133,4.001866874440886,4.0246401588805325,4.042588769537057
2023-02-27,3.2868669262774444,3.5089588943004224,3.65415190845407,3.8393462582462052,3.9180343712228347,3.971475163621123,4.012624842833977,4.034298496863737,4.049119235764424
2023-02-28,3.3785693632705835,3.5902201708354595,3.7212523188051665,3.8869520591029474,3.9772868745667505,4.033761955343059,4.065551975885393,4.077487678708647,4.095389345995656
2023-03-01,3.3762495524621503,3.5971259464488035,3.741420535282168,3.9037467890067084,3.9805330820755414,4.038248363527904,4.078227556851891,4.09558222409404,4.110265031831942
2023-03-02,3.41623507111372,3.628124938208063,3.780521380604643,3.930192123713006,4.00782665734018,4.081090454796986,4.09875823836211,4.115513165255531,4.126376019778656
2023-03-03,3.3759285958167844,3.5745920897111807,3.7364521310352985,3.8855135362188626,3.9671890513008856,4.021847527321278,4.062330358544578,4.108743642947201,4.103066417361735
2023-03-06,3.39934111486904,3.6224430989811838,3.764682463278571,3.9329084325328685,4.013596490487484,4.071453865452431,4.103461874424297,4.121057107855045,4.1537929311805115
2023-03-07,3.4412146076679155,3.64666427828287,3.795029373049571,3.9624162531531133,4.034923876510076,4.089271176594832,4.123146602535069,4.147135235602868,4.161105760687569
2023-03-08,3.4639748437146514,3.665702675101399,3.8192573416038766,3.994709341639434,4.069184439698884,4.1369341821404975,4.180903290998067,4.201163673913435,4.213176260783409
2023-03-09,3.465778783159365,3.6816567402779774,3.7976805131099063,3.9856874383189416,4.0649785175663755,4.12447577867993,4.153509820484633,4.167017528434754,4.191215534529087
2023-03-10,3.5151709263962236,3.704344398924892,3.849749054545828,3.9907335955619283,4.0760102791316815,4.119578867583363,4.151139989056965,4.1727364917892364,4.183360318549441
2023-03-13,3.4894748417575654,3.6910350450752225,3.835322933525808,3.997045473943058,4.074746435547379,4.123686084393463,4.157741639583397,4.18727025727185,4.219556870272324
2023-03-14,3.4247839734022434,3.6371007674586004,3.788357159341365,3.9574267772352125,4.037986041972197,4.103787396272455,4.155959872229341,4.177940140878223,4.194158025549101
2023-03-15,3.4140332344353572,3.621798063825686,3.7552189322336784,3.9408075206448707,4.008964430263395,4.062514013230593,4.097222962570002,4.1164034585729,4.147276870602306
2023-03-16,3.3091057255697174,3.5230543798239533,3.6636897227648255,3.8272821108908053,3.9147578426764933,3.9792016538474093,4.019133967204919,4.045178561960646,4.050648859021701
2023-03-17,3.3396125567626136,3.5586570081885576,3.714563000860272,3.878785488859521,3.9601203822469264,4.028547342722821,4.0703250409614995,4.077770448671651,4.103501631578755
2023-03-20,3.3856267258208144,3.6116782999046486,3.760871168379964,3.933139704204758,4.00751742883065,4.072803526339463,4.123570640159956,4.123000107464421,4.130349531432901
2023-03-21,3.4658548016295962,3.6769232534450857,3.818860933513502,4.010715937603363,4.078210701141095,4.13278570004405,4.18184827995504,4.185667879942368,4.199949304605984
2023-03-22,3.4755398147498084,3.6869531701104066,3.8253220241234613,3.9660027670364033,4.0352149121037435,4.098080134140727,4.131463799554712,4.1293424008178885,4.146672497266551
2023-03-23,3.356438740109032,3.558354638678674,3.7325820614703917,3.876660825301658,3.937752462445818,3.984127590481507,4.0363736682605245,4.042822543234923,4.052076560685067
2023-03-24,3.3664456556591196,3.573495349629372,3.6900617866110026,3.86664436695104,3.947987798202584,4.0081949910752215,4.046895561682486,4.068134484285339,4.062548127710121
2023-03-27,3.407563159584979,3.6099272152105906,3.728000568811634,3.9049608503674755,3.9953588929935884,4.012446205581879,4.045802869406202,4.075975070974548,4.093963875924219
2023-03-28,3.4419182906928087,3.6330053721341375,3.766566695966221,3.909628669551585,3.977050723934238,4.032906985906303,4.05740378456891,4.059810445187396,4.099164530855938
2023-03-29,3.3685440593604836,3.575007631974135,3.7019336662837863,3.8460576866376983,3.9152195957919607,3.9639980108525332,3.9893609043594145,3.992148139037707,4.004206324814846
2023-03-30,3.417338156786,3.61508530152044,3.7369974010872125,3.886882475224324,3.958929540865146,3.9770304461955264,4.014193047923446,4.023117467912791,4.019250804237338
2023-03-31,3.3415110287277967,3.5546184374052125,3.690482355542616,3.837169897694868,3.905891195327695,3.9605003901329163,3.989846844292916,3.9926550070366016,4.001773576840822
2023-04-03,3.3877132717494254,3.582696707421522,3.7057715936910416,3.8718089167992606,3.935450388705214,3.9920072765515986,4.031481360785602,4.052442695577677,4.0644123196239725
2023-04-04,3.3890528512008395,3.5888926508966077,3.7468126640916934,3.8991551811732323,3.9822195270029526,4.015675044046044,4.063122733787317,4.087633096012844,4.124231230620431
2023-04-05,3.326611881701684,3.52546450455419,3.675517701045964,3.8367707886061417,3.920331731443933,3.9868539589717584,4.018659108058728,4.0618227034787315,4.067299928997907
2023-04-06,3.3731181304624642,3.585727996430626,3.7171133791224236,3.881996714228278,3.965449500216077,4.032922300716851,4.077380189248563,4.079204266231295,4.098275274664266
2023-04-07,3.5017495849419227,3.695140202809576,3.845886570014305,3.9933204915220046,4.073504682297701,4.1350903347986945,4.1720428307093576,4.19522302198569,4.205206568293619
2023-04-10,3.504895685828439,3.70843742721977,3.845038580050184,4.015353877740171,4.104584274140812,4.1750169663936525,4.223605876649542,4.2330583381885525,4.264733545890176
2023-04-11,3.491797399346607,3.671469069646637,3.827398674936519,3.994163287914468,4.075392444823196,4.146321777782807,4.1967707719635525,4.216112717838211,4.235964844351267
2023-04-12,3.5245977620656395,3.732284869995249,3.865631178984031,4.029149540919729,4.128590733496822,4.19143855427234,4.23536963880957,4.251296996667931,4.269931147981096
2023-04-13,3.4962418053314166,3.704211685204931,3.8400389843871707,4.017045489871393,4.097353551583745,4.178051253661316,4.212996056233141,4.236229605164724,4.259679760160686
2023-04-14,3.5514691870545647,3.7608181180844706,3.900480060734758,4.075634183678889,4.174419580139453,4.230537836967003,4.281655627247188,4.3108956235152,4.3350333408838
2023-04-17,3.6245029621357183,3.830123601813797,3.984376861902525,4.147646052913416,4.219164843456449,4.2790816698130945,4.334601577228068,4.358343985722893,4.376585143536157
2023-04-18,3.6170925747514158,3.8243155463113485,3.976747248656008,4.146814395209975,4.2210296515584185,4.291799688121489,4.326970902455823,4.3443376108533345,4.381456660174038
2023-04-19,3.568939087620485,3.7654612968456025,3.919859044540076,4.080972929363488,4.174456334700637,4.226989197135228,4.2826049182518675,4.299440616491399,4.323568163075887
2023-04-20,3.582621091560336,3.784991084712926,3.933573607488951,4.070016131961335,4.144766224677306,4.216630557678093,4.26018909673363,4.275058456562056,4.294596229169145
2023-04-21,3.6278211811918033,3.8185148751373506,3.955225130738743,4.126282554410011,4.210279231291243,4.271784248980645,4.30873222933244,4.349183670639127,4.3629524703803035
2023-04-24,3.4996424338475713,3.732952389280713,3.8746039665197185,4.057903203827096,4.132924471492607,4.210769263827182,4.26052368252949,4.270342739028908,4.2956482483230305
2023-04-25,3.4846776628925067,3.6983550429765755,3.8722389898565024,4.034658226870704,4.115952173325698,4.179053110092731,4.250871456556998,4.260761721968514,4.2688459668726635
2023-04-26,3.485159601357011,3.7191556569439976,3.859416807672729,4.034367752186536,4.120162261987031,4.197209722916776,4.233527096190227,4.261742809655721,4.2926359824209
2023-04-27,3.4470216077591713,3.675328026822633,3.8094598746748085,3.981258398876619,4.083556720442199,4.1388071320853355,4.18296941283656,4.206770406320799,4.223476535998925
2023-04-28,3.441203574894758,3.661641966656029,3.8005855940955384,3.9731472809285973,4.076170941127232,4.124657691749167,4.187417759452059,4.19907585730122,4.214553991881218
2023-05-01,3.463745062534444,3.6783992247218573,3.8207181367617356,3.99956698900998,4.097321326346366,4.15234917643768,4.213976733407346,4.238360792514518,4.278579286105994
2023-05-02,3.5158139990383344,3.718508855707384,3.8707754452887846,4.051964129477281,4.137015341038725,4.208256216196485,4.270060700027901,4.29660371273558,4.307001855157413
2023-05-03,3.4378185217858412,3.6482853715810726,3.807761869054217,3.976220990769958,4.0495879500913725,4.128534097294924,4.172789053953842,4.195536050097452,4.227002861843462
2023-05-04,3.487802374864007,3.6752172807311005,3.8297664846203183,3.9789704450467274,4.058942086653566,4.1215553495666875,4.1706418609053015,4.187058104202778,4.205729897282842
2023-05-05,3.4703723491947502,3.637222064772411,3.763163883273549,3.936132957943895,4.0076525869624495,4.06126830134966,4.104701182729077,4.11965234420254,4.154653299761492
2023-05-08,3.460373198483166,3.6323117238377303,3.7697436660497017,3.916215362580414,3.98703737550568,4.050294191903014,4.075212470691731,4.090384829353825,4.113019613476994
2023-05-09,3.4782404909024027,3.660229772437653,3.7798180215958164,3.936652681899712,4.00925675268184,4.06160327413679,4.088746709267661,4.117191261661643,4.132709182848392
2023-05-10,3.57886678624155,3.7582736459758532,3.8869249907730627,4.030938929742623,4.100531650402818,4.15264203294417,4.191971247710296,4.202781306170359,4.225961654094334
2023-05-11,3.5763625199941984,3.7277388219457497,3.854823315550702,3.98731174815644,4.0565573036970495,4.112890416886849,4.144321399668325,4.146286078864374,4.174652306796166
2023-05-12,3.4909755748753146,3.6634478596280506,3.784459755021247,3.908608019298617,3.9950095731956834,4.053372420318596,4.086293687765562,4.103706128984326,4.121059274537537
2023-05-15,3.476781674522721,3.6671365788556245,3.76242319387455,3.904164579812409,4.003332759806847,4.040060369742551,4.081284176556667,4.0992690544392945,4.118313597919844
2023-05-16,3.436296418697149,3.6062487144459783,3.7271801101479083,3.8709246061915237,3.9520858148896036,3.997616116243045,4.024974754149554,4.049317503845946,4.0784009429432775
2023-05-17,3.353943715238576,3.5242283431402344,3.644591115594221,3.7747139215427743,3.854958002163061,3.9017291870199626,3.9479012337856587,3.9544864074225283,3.97806695467767
2023-05-18,3.4252168456146195,3.5985071925896164,3.6970408689210146,3.8496817695856014,3.8874764073781907,3.962455189562657,3.9966421943187576,4.009442798666745,4.028351172734531
2023-05-19,3.4759751409039885,3.6679803355577945,3.788615377367907,3.9049436310241075,3.982018596562262,4.014111359714431,4.069980724040763,4.0780548700572625,4.06861795848412
2023-05-22,3.541792803385782,3.7047754387123937,3.829305405126386,3.9667781369397876,4.02479355971388,4.0841946610085555,4.120290191954796,4.129307559315817,4.137014310016565
2023-05-23,3.4920406743072414,3.6682787496623024,3.790330098906528,3.925833643424991,3.9986969785313815,4.057089369437655,4.09738452303669,4.111933062839739,4.12852659633074
2023-05-24,3.5835594879088206,3.760254862488359,3.873148719525411,4.003706708954496,4.065143136102217,4.110532841665773,4.140190988607652,4.159596379322399,4.170818419456187
2023-05-25,3.674909875440202,3.8559232531090615,3.9660131518990727,4.093333804997544,4.153965890714781,4.19639968322313,4.225109286170429,4.257718297005378,4.274474305337085
2023-05-26,3.611242866554479,3.7970624997598503,3.883626262825638,4.031985936458226,4.091368108322033,4.131967562450124,4.172861319873899,4.190269193047619,4.194210170393723
2023-05-29,3.5723310638249957,3.7277688376007054,3.8299233514245787,3.9761455572487177,4.0438246426785796,4.084462162395415,4.136429380743498,4.143941292574228,4.160344204468521
2023-05-30,3.504080984616801,3.6757018763424445,3.7772081276056104,3.9013561383270576,3.9577879435079653,4.002760874638488,4.031302516804325,4.035999771089081,4.059790060418827
2023-05-31,3.5450194484923343,3.7134210800834446,3.8271272954712376,3.9392150052971777,3.9981706171028337,4.042955416105816,4.064329585497891,4.081428772885927,4.076857600002113
2023-06-01,3.4569055940135645,3.615801470899323,3.7368919034796444,3.86313130529656,3.922371687442634,3.970080632230953,4.015375240041824,4.029054955099046,4.021100661097891
2023-06-02,3.3335230184739806,3.494882151572685,3.63211005416428,3.753271414763964,3.8108534393364906,3.8537251206897336,3.895148981375075,3.8930431865812736,3.9204284847963624
2023-06-05,3.3063686677526194,3.494032648853691,3.606006847321599,3.7384388130939,3.800041039693538,3.8502370833290924,3.877747273382748,3.8822887065095424,3.9022177268519425
2023-06-06,3.303659832692416,3.4630410007037313,3.597389089506064,3.7260252189866967,3.7875429290741844,3.85090085729391,3.877084947365289,3.8774585836024267,3.8952288158079007
2023-06-07,3.256180638506744,3.4358786930320546,3.546557579095078,3.687559130491538,3.7683932487852942,3.791326491255208,3.837287149404831,3.847971582057985,3.8685639797427327
2023-06-08,3.2445076981468066,3.4199121856885175,3.541259594549855,3.6846604117401327,3.7487320008573275,3.795551516311565,3.8340622643177222,3.8392119715304385,3.8796744120304956
2023-06-09,3.1832021181023666,3.3533848490276243,3.482735560448289,3.6046836612069746,3.6813979512845316,3.732412110060488,3.7652708582583774,3.775695772754965,3.796301677233402
2023-06-12,3.131017880828764,3.315989224468132,3.4358654517073677,3.567898525339963,3.6254768917547753,3.6911336266089507,3.728431739724914,3.7660772531079,3.76552206141649
2023-06-13,3.1416296983068115,3.32087549713414,3.4504273908895935,3.5754130552667376,3.641124089783462,3.7019966533750726,3.731607655357491,3.7475579288342473,3.766891000143151
2023-06-14,3.0894529253915204,3.2832152582069583,3.4065626619450926,3.562768454968439,3.623250510580467,3.6864827827672517,3.72350756465779,3.7174079734707024,3.7520073619342424
2023-06-15,3.1403811354569413,3.305673231742035,3.4213995829024917,3.548669888142146,3.615616063505154,3.6691486112187905,3.7053383751203075,3.710838248444467,3.7385442335527843
2023-06-16,3.1764420297933222,3.3409872841173627,3.4527186692892338,3.5903101087879223,3.6367736334881573,3.688107971855374,3.710589365414713,3.7250335586564076,3.7200927198853675
2023-06-19,3.1539954142824076,3.3167516806168607,3.42890559187101,3.571438769557117,3.641110788896654,3.6619155474159166,3.7124139681199173,3.7274443031010365,3.7512820146839188
2023-06-20,3.128135224365442,3.313475364881698,3.4188491604474023,3.5510033919919666,3.621999614456577,3.673198673663841,3.6975908389357808,3.7088853533271275,3.7245374578143347
2023-06-21,3.1817643419941404,3.3526990563125456,3.487163253522021,3.6091439272062,3.695447128876045,3.7367562180888383,3.7905094768958323,3.7956211743595905,3.8187819751766368
2023-06-22,3.1310124027413746,3.3146171485168887,3.420940416679647,3.575594676105589,3.6527423965004213,3.6906830529509,3.7197316993159184,3.7473921279308007,3.7647275839046292
2023-06-23,3.0949659182058786,3.273215879183352,3.3932841827133324,3.5371291345140152,3.604668435564105,3.670663921296056,3.713010211092426,3.7193123434233977,3.7505637636621643
2023-06-26,3.1076569648623353,3.299125384227279,3.401623315259567,3.5619954567586634,3.6635669110731746,3.697978670074563,3.7470251879395393,3.7592847141400894,3.7855257497063386
2023-06-27,3.1730413524879335,3.3564988354096226,3.488927505944008,3.6124149431382397,3.688338463560725,3.7370739912710986,3.7744211451036467,3.796832656040809,3.804959986488729
2023-06-28,3.2759011665197693,3.4614290657796682,3.593816107390909,3.7264543690204444,3.8118569819780936,3.8445169793384584,3.89449526650097,3.909794458442691,3.9168505119608965
2023-06-29,3.363514791024835,3.5345960627935997,3.6632070911600048,3.7945789692161767,3.8673674029689704,3.9270164323900003,3.9649133169644033,3.966553907916111,3.9833067926057892
2023-06-30,3.3731694145079625,3.5516740060482173,3.6782209662672307,3.825922507560061,3.8909423944882455,3.9361073429020084,3.9810003039706867,3.9912474178861204,4.016718028686177
2023-07-03,3.351414473325762,3.5207604547428635,3.6175757737012684,3.7557013163814825,3.8275664084558927,3.877680312466632,3.8985168783443407,3.9101768484899035,3.9151401458787807
2023-07-04,3.37279285627293,3.5496044904107777,3.6497570571186926,3.805254317342575,3.855724348544794,3.900209780069303,3.9291560532333527,3.933187078480272,3.957217988282917
2023-07-05,3.2870028893887007,3.46488106685193,3.614271185789365,3.7254191247564856,3.779815601904616,3.824820791228148,3.8706140932129607,3.8652741985953925,3.8781092074489263
2023-07-06,3.3100575805828423,3.4879501243812228,3.6086062305175144,3.7367685427171358,3.8082991519925105,3.8522142423060064,3.8675755043565196,3.879031235942461,3.888982342548127
2023-07-07,3.313327619943956,3.4992736401871265,3.6241289182234886,3.758828848777364,3.8200171633849225,3.8645086697465034,3.886668800769847,3.903019322733872,3.916513694876691
2023-07-10,3.2775422775438834,3.468810341533657,3.5794815195841907,3.7223554863370705,3.8003841407829726,3.8376830573982623,3.8750966548154775,3.8908663471816682,3.898625814177587
2023-07-11,3.302139344198787,3.4772990932413843,3.589326132206182,3.728825515680653,3.7918503334909937,3.845098192117202,3.864795157279014,3.892355461573514,3.878182265729488
2023-07-12,3.3305520476686783,3.513951830187299,3.64008900082525,3.762293136521911,3.84436096609523,3.879994290425128,3.91403526835947,3.9300915946136405,3.94992305431203
2023-07-13,3.3736023886313236,3.5473525793535043,3.6531943020729583,3.7992508821964246,3.8733899474691245,3.915691945200601,3.9468067971520613,3.9494464981106194,3.974957228956724
2023-07-14,3.34938882679053,3.5317606654232434,3.6502497617009313,3.7944614457803887,3.837794417211422,3.8871948900329,3.9154818440681574,3.9300773161705225,3.934996131890785
2023-07-17,3.277048116222981,3.456162357420898,3.575857692868739,3.6847576609591135,3.771189160211376,3.796974209221345,3.8368782783975757,3.844376526194814,3.8517196550102057
2023-07-18,3.263793212102501,3.4141815833501536,3.525429491474358,3.6529320470469147,3.7177552341419955,3.7454434820889873,3.7807803631868198,3.8031525198185503,3.798223451073264
2023-07-19,3.260765879550645,3.403813624665371,3.4957184846335445,3.6031318253186564,3.6552463878863524,3.7114868624715958,3.7276512603282375,3.7488664295147065,3.7499390172218816
2023-07-20,3.2505912834070827,3.395097956511081,3.4939659626635433,3.6132094312184186,3.663810161939774,3.7123532625292706,3.7169130620612987,3.732064254233836,3.744862871888376
2023-07-21,3.244676465759094,3.3782098892447445,3.4760488389552466,3.593488583910167,3.656946019292612,3.6975076644326212,3.714387659854531,3.726977850325688,3.7462810886420774
2023-07-24,3.1899396299847664,3.3365982268062733,3.4381239175067932,3.5500085655174436,3.6101352856838482,3.6646443771488135,3.69181990741053,3.7107594816096343,3.725914015694522
2023-07-25,3.3307772906970405,3.489341216310234,3.5724000928165474,3.6850722756057843,3.7377142948762736,3.775387289485075,3.804757220720906,3.8084628209800044,3.82909347979904
2023-07-26,3.2641795757847345,3.3984011813718285,3.5002264760166155,3.598418224332143,3.644991215966188,3.695188350535462,3.729166843827134,3.7315078729221547,3.7464133197931004
2023-07-27,3.2552688060249815,3.396727611368674,3.477249989599854,3.5956835076512443,3.6446423452877132,3.6779103212371895,3.7202422637562598,3.7309190171028463,3.751175579592174
2023-07-28,3.294363238705564,3.4175776211253464,3.525836490475047,3.634021279189951,3.6900586726491453,3.740724430157129,3.773751889315489,3.7845442996700127,3.7958735895058378
2023-07-31,3.240626882581763,3.3914666577067174,3.4882917804302416,3.5848279676217025,3.6640679689548175,3.7070502108346677,3.7429429844734203,3.7541875218309233,3.7728441574317575
2023-08-01,3.3247398140832303,3.475978176844366,3.564764552782943,3.6669441567880487,3.7370025825299895,3.7826988418348173,3.803951321144284,3.8087695732006277,3.8229577108221857
2023-08-02,3.2614777085920097,3.3976595589830656,3.51130175109836,3.6154697124819473,3.672711994415506,3.7100584444340665,3.73861636387205,3.741186551692486,3.774995431166324
2023-08-03,3.327682390966855,3.465849446710149,3.5511451755417025,3.66078213807034,3.7307499536362747,3.7634402124722657,3.79830403803903,3.8129785449751026,3.814514961034036
2023-08-04,3.3961124465613417,3.5153306975292664,3.598154493106638,3.708352025105638,3.743441021245836,3.7971008234081682,3.8422176332238656,3.850326438094944,3.85120492983612
2023-08-07,3.3903123525931154,3.5052367879923882,3.5859915509253955,3.7008005317416823,3.748069551865654,3.7878598667423717,3.843850723702389,3.860281278273224,3.8763666397362875
2023-08-08,3.3827645442540333,3.4933339998560933,3.573543615174863,3.6774063016561707,3.7499320622194534,3.7795188204176493,3.826714418961825,3.84494789807609,3.8546946283122714
2023-08-09,3.3693460838105587,3.474072350266054,3.558068307884221,3.6626170801793307,3.7252603480939324,3.765129070185607,3.8151295859679224,3.8287303635882086,3.8418461832080544
2023-08-10,3.408873647135618,3.534112145159575,3.6238663283949957,3.7122452319409467,3.7732007984778475,3.816204551765234,3.8652676508556634,3.8758097604532398,3.8828351153603715
2023-08-11,3.401401648172391,3.512966239529473,3.593566013634318,3.689712236493583,3.7497681795761255,3.7825840200633043,3.824772371800304,3.840184584923991,3.8694550654268274
2023-08-14,3.5280265804753466,3.643646245131867,3.722672432054988,3.8112095872029212,3.8620020216035207,3.900347082116112,3.9332187902383695,3.9450651325723936,3.969790952776095
2023-08-15,3.6107017725521153,3.72790366677735,3.7824539343797987,3.8738925780910227,3.9118404477817,3.9364858273466874,3.965034646074505,3.9543286680675003,3.990356157959255
2023-08-16,3.6121611752348532,3.739704821396884,3.8032424919857175,3.897359899770058,3.9517159688599586,3.9838902414060655,4.0123862599476405,4.020217366515544,4.045864989975079
2023-08-17,3.6493532177444514,3.772391770251313,3.8395043213570528,3.930496246921096,3.9684935124825045,4.000948880428809,4.025875743534962,4.041417070638123,4.046635348958796
2023-08-18,3.635303239942926,3.7437409094956275,3.836036546362298,3.9362469299342546,3.983384961417669,4.041438347934991,4.062506023764284,4.073471568606778,4.0929487757670895
2023-08-21,3.571401628755951,3.6954675773884915,3.7968178984296204,3.9151048259993266,3.962389433477655,4.013519326138677,4.06091185085055,4.0734635124071445,4.101463675142481
2023-08-22,3.481104370343495,3.6418976781267234,3.7387093131961993,3.8539261001264022,3.9574837476085554,3.9929954073134017,4.052391538938417,4.062689646631615,4.085041819279684
2023-08-23,3.6247468473508206,3.7763287241700345,3.8783933320646247,3.983565319758657,4.045963700717179,4.102853970889687,4.1518645465930355,4.173480912940518,4.1878489589229115
2023-08-24,3.6259545110664435,3.7539791605725674,3.833597245430453,3.965742771748301,4.017690166152313,4.081478611997345,4.123732248379164,4.153168316649379,4.165307513873069
2023-08-25,3.570018001080727,3.6817460908228132,3.7865236134116054,3.920383167358945,3.9757778087577234,4.041130757501044,4.075773612908229,4.0935574087153705,4.11044004298952
2023-08-28,3.5909953960641823,3.723117884223532,3.8057151418257327,3.937376068589876,4.026505004873969,4.06993253640196,4.109510021081069,4.139961661369785,4.16252200934363
2023-08-29,3.657577606659913,3.7767204427348275,3.8711869211415473,3.993996401388729,4.047703048660886,4.105895419997654,4.1443342163647445,4.162962661413526,4.176046237067202
2023-08-30,3.6275738700610596,3.7407482571467314,3.8534214857830786,3.9574123843871045,4.019244462852189,4.098867601860605,4.1369488264645256,4.17404585977802,4.186982224170917
2023-08-31,3.6172550052797625,3.7437271510217704,3.8282998816018377,3.960112966148542,4.03296582239157,4.095999959320168,4.153330653478123,4.173937242508273,4.193010715907289
2023-09-01,3.5929581801836314,3.7242792809192133,3.8137086068809816,3.9261156252963305,4.0067822501453545,4.052782113911294,4.112230361102405,4.119257771455375,4.157260816931763
2023-09-04,3.6298697312956754,3.7326742579838235,3.840185593989609,3.951264147071813,4.026324022911496,4.075464004088518,4.126312302231817,4.153630477903135,4.174822332891298
2023-09-05,3.607849472143939,3.750056413629935,3.8317304072079783,3.9457220601985887,4.024699673495537,4.090492149596401,4.140652129283597,4.156154785401981,4.177351452152352
2023-09-06,3.6374461347403106,3.7741671980796827,3.8678593193076347,3.975202370031192,4.050329257313293,4.096864345635676,4.1536416861834216,4.174336629912004,4.20677924644553
2023-09-07,3.690322526313205,3.8163840267991436,3.9329223994882545,4.067772611522216,4.147454307480589,4.2022899266736715,4.252382839801494,4.2757564868641555,4.317741395258653
2023-09-08,3.683853094244099,3.821547930485788,3.926251679745783,4.045768061190188,4.1185964633572185,4.1789565268284345,4.231857701078186,4.272009637844628,4.301739987494696
2023-09-11,3.722539154468696,3.8705690848922334,3.9710678116370577,4.112555430052739,4.186899579324676,4.258350568837569,4.332111174800969,4.3538538629242,4.394827375464028
2023-09-12,3.7865033173594367,3.9248426541458046,4.031129117260537,4.167462117798659,4.237494971766639,4.3137651565520265,4.355472168179665,4.376813310643037,4.396831751031662
2023-09-13,3.7807706139838904,3.945925460853815,4.041158592006175,4.17405250189489,4.2476543582053266,4.321731305566893,4.370740166731297,4.410756819657918,4.439853285764972
2023-09-14,3.82077751336382,3.9532025655235463,4.072496694322484,4.213006341246374,4.2812938589682314,4.3508287356071484,4.392006227307204,4.427638200453428,4.439328073466078
2023-09-15,3.7608338906961802,3.9108098350178846,4.0128089435028516,4.158496722146691,4.218289002845527,4.301359727729399,4.34294825776221,4.376007656624648,4.383249515810881
2023-09-18,3.713373661891729,3.872073789830845,3.971830819498595,4.0740859947255625,4.165588812139503,4.220825200226251,4.2820815529846925,4.305536664983945,4.331201000046413
2023-09-19,3.776604326798409,3.890329675305753,3.9927442805148794,4.103816840838143,4.180677032812861,4.244158616760225,4.279579346237864,4.29556852276924,4.325425469975693
2023-09-20,3.7331427731485136,3.882393011482252,3.9794698847935024,4.10376951914481,4.162206239748602,4.223360612713019,4.264112037145973,4.285524188438136,4.310793393008885
2023-09-21,3.901137068640662,4.028787420645696,4.125591280899914,4.237685642991785,4.283729899019752,4.3346465328220045,4.365666613012423,4.381630788122571,4.39753905928072
2023-09-22,3.9240340841853385,4.065085730784237,4.159855274772875,4.262325810734876,4.3305299512974225,4.3682831461448925,4.4145272863839,4.446760051521699,4.448022197369473
2023-09-25,3.9389483615876073,4.0672102028794335,4.145130010232552,4.246079636720357,4.30579783268331,4.347732626301924,4.377131076871227,4.413538769377397,4.412471655594763
2023-09-26,3.929138123247965,4.067785309468766,4.154298071560303,4.26038950981181,4.3170078881494565,4.357264993994079,4.390054863528042,4.413617213900946,4.432046934756762
2023-09-27,4.015771006164268,4.146906335174147,4.220536796559146,4.326154555580855,4.373776198149971,4.439604066937825,4.473568768199445,4.4797176192474435,4.4975017305986045
2023-09-28,4.0519893999407435,4.1709124598974014,4.261050953304808,4.359666841906281,4.440793995208476,4.463457398462461,4.493487573826131,4.514060780202714,4.524048226544163
2023-09-29,4.127042198872314,4.249187496202814,4.325652384819138,4.43436165640261,4.489150102503753,4.540264028387017,4.576053635510692,4.576243351436226,4.595849854932093
2023-10-02,4.05617394940285,4.168610398977915,4.261917434526582,4.375612425546981,4.417279099816396,4.486332973285123,4.503146428021366,4.524879427859105,4.537563518706256
2023-10-03,3.9695303868897933,4.103940944347478,4.201371042932438,4.318122253663809,4.362901232506065,4.41361105235447,4.4455618703194,4.465203972155538,4.4758410454920465
2023-10-04,3.99199996609929,4.122028876843231,4.202997309882059,4.310797579116246,4.38325228907245,4.4228820941244695,4.455106433323624,4.463597500343371,4.481677047751382
2023-10-05,4.019664413581422,4.152067073670019,4.244546846572589,4.345135101272968,4.400061700488984,4.446666882177487,4.467666422238977,4.487954957481954,4.510810704042077
2023-10-06,4.001851970706246,4.124384794685878,4.21245821976969,4.300073557283656,4.36790489646523,4.392527385752279,4.446927158593217,4.442803318084502,4.47471880125985
2023-10-09,3.9890760877009175,4.105382849933377,4.194228333592576,4.307171193897993,4.3624608175981345,4.395131944159811,4.42694815196366,4.442847114581826,4.468183494228644
2023-10-10,3.9071845909261347,4.033393333485454,4.138544606775989,4.25743742462588,4.308608899884629,4.351551826144745,4.3885783058973304,4.407631686513862,4.428614322957825
2023-10-11,3.9870518517432654,4.113334578477192,4.201771349655357,4.28805157822339,4.355853833630425,4.402487966821953,4.446024789487431,4.457973052172513,4.47070517994327
2023-10-12,3.982677701428985,4.097408553428855,4.205325824148653,4.29615447460835,4.348212183360588,4.4030975643352965,4.417000939832915,4.429821257601079,4.44988470025366
2023-10-13,3.9065493320960067,4.034382322603034,4.1267042694139064,4.217748429495756,4.2688459461174615,4.3059782537980045,4.340523442899019,4.344115105903468,4.369361788555031
2023-10-16,3.8846344468571714,4.001541548012706,4.095529734796674,4.170319722810275,4.236716655011485,4.270686686207157,4.2969267174197086,4.323387174476561,4.323098740040524
2023-10-17,3.894862212222448,4.021642437406709,4.097622225124605,4.209873497023363,4.247844875414558,4.297398300645451,4.309619570527933,4.330724086770081,4.34108369556974
2023-10-18,3.926511032583125,4.052979538202513,4.139961573214785,4.246915837086923,4.309857267375588,4.34781553042121,4.371898655325789,4.390989230511214,4.404240743912018
2023-10-19,3.9647032144922565,4.076955902835402,4.170846364373228,4.275196873533063,4.33140698688654,4.3653209732386955,4.381356377438084,4.402967474379947,4.423392507033024
2023-10-20,3.9042169328609817,4.038802061061831,4.104207077272692,4.232644945090374,4.27125691736473,4.318154872470489,4.339960668967382,4.363300459644405,4.377886443569522
2023-10-23,3.976823673254792,4.100547295775363,4.186465315405628,4.292139247574501,4.334422202737845,4.376975838938629,4.39778321086918,4.409837707379822,4.4174436806463575
2023-10-24,4.004973625766655,4.13522477599869,4.227391339605054,4.314481267781476,4.376695103150209,4.413059064185491,4.449153071336156,4.453909993500838,4.45729934864303
2023-10-25,4.095624886151023,4.2086031935511885,4.287893351037556,4.408071406176668,4.430224208141493,4.478904755833125,4.491605504445801,4.512221992559493,4.5109541814684215
2023-10-26,3.9951087609703237,4.127113703367814,4.2202340882235765,4.3181772333696715,4.379422259582904,4.411766095041081,4.448069915531488,4.468122087243105,4.457596689268011
2023-10-27,4.032346337500879,4.165851778207324,4.254449810071602,4.353736121852127,4.399629907147688,4.441459376690014,4.463146614602873,4.483593499401892,4.4903883757961065
2023-10-30,4.006192218872694,4.141436314997279,4.213363066604351,4.3083639042876625,4.351393409874237,4.387390465714556,4.416911809769986,4.414804929687269,4.437220029139978
2023-10-31,3.998820752470267,4.11218166403228,4.200314137317468,4.2856900656282555,4.344320502796114,4.386235843856139,4.4097446350246985,4.4270330055445735,4.432678105275427
2023-11-01,4.052921695447921,4.168227018185444,4.251428347011412,4.35081731983384,4.409008993627384,4.4397258159198865,4.472323290765377,4.472647882803495,4.49217056689129
2023-11-02,4.058403702905947,4.178402570367057,4.254337343935532,4.36816530991242,4.404828947458243,4.4404937754366065,4.479128277518579,4.48404726957997,4.506152230152424
2023-11-03,4.08042154207522,4.205809902090402,4.275437756289243,4.370625295944018,4.411502197170761,4.46261160871437,4.472635939091939,4.4820203197511885,4.488340289500563
2023-11-06,4.096353481525617,4.201679985593033,4.291678639905495,4.352209975055631,4.401050362193498,4.432635609491081,4.466043745661126,4.474654172208256,4.484823533372769
2023-11-07,4.025434466563743,4.135626286663174,4.214952222102545,4.2927354511461715,4.334822176441077,4.3913899116162725,4.424218652184492,4.427451477945129,4.430995352776205
2023-11-08,4.036144537765144,4.1248813428276225,4.202839695457352,4.270551853819345,4.320812854412851,4.351341780791973,4.37833130805334,4.397506059676746,4.406211446624218
2023-11-09,3.9412535928819787,4.029336064771895,4.103663237692525,4.170733919857331,4.199187290745946,4.241170284177697,4.264733347595704,4.269457385587638,4.268868440838458
2023-11-10,3.9685968168433985,4.0794034551498894,4.139547009006728,4.2234769515335095,4.265408244624239,4.309522273958467,4.333977516224119,4.333604587778919,4.352091895817497
2023-11-13,3.851432427203108,3.9523433558338987,4.022033294106552,4.119593242159963,4.156241476526969,4.186426879461416,4.219035355486504,4.2358010601507115,4.249324129050521
2023-11-14,3.8267493930257204,3.9340822454108904,4.0117779121902775,4.0950950236628865,4.1232306695981995,4.183430376720255,4.2287060830508665,4.2536072163022425,4.269455553075991
2023-11-15,3.7591335332399547,3.8953089283886904,3.9694552007352626,4.073224369072788,4.127105510046825,4.171878649814181,4.201950159442587,4.225829364632276,4.2417748290363955
2023-11-16,3.6551982662760096,3.7797306396480943,3.880510101280272,4.001572635937416,4.060511160196925,4.116303491851985,4.1492527751890265,4.177574500755639,4.183195905541846
2023-11-17,3.5957643990221353,3.7180922698754753,3.8114096403261115,3.9505845381227878,4.019475756348254,4.0539426073127105,4.119864770452526,4.14184714029553,4.150730341041181
2023-11-20,3.7673264560055113,3.904627138687553,3.9932525619520836,4.1072108302110015,4.168619549610451,4.216130245640045,4.2452579450641785,4.265678016328476,4.284424818400814
2023-11-21,3.8295768550645817,3.971309033126064,4.065656556825977,4.182106389477678,4.238191888309973,4.29898707630238,4.312177040194824,4.338343750762655,4.346617211191821
2023-11-22,3.74090261874666,3.8872944948545167,3.983241926594898,4.097909354770762,4.165232896579741,4.203056411383444,4.237911473102248,4.256308799860255,4.265774828039458
2023-11-23,3.757484673414652,3.8768442698010714,4.000895674088895,4.118072477437277,4.173742245862948,4.226722067453996,4.259974008668247,4.273841840721059,4.310938240724252
2023-11-24,3.6874553000856247,3.824109550573307,3.917950570750334,4.020959603875507,4.089197408139692,4.139711617093204,4.173558074144191,4.1799471860597075,4.178138845762832
2023-11-27,3.653154520057606,3.790898799369969,3.8977042682405743,4.005800267918506,4.068763605497512,4.1141978994545365,4.138201111272743,4.157669416682482,4.163240214916197
2023-11-28,3.700381284475571,3.841503943201144,3.934829714399198,4.056109852675736,4.12041697721082,4.164759755256523,4.179319958978216,4.190095895577979,4.226334755826717
2023-11-29,3.7429951482848782,3.8795844630055347,3.9808477518248293,4.0969180132503755,4.152870780859159,4.191564446623635,4.218821253101507,4.235625643853447,4.2415118549887545
2023-11-30,3.7935062319599377,3.9534735156723304,4.049648090623169,4.145119885090569,4.198203434174513,4.2285974105978,4.2687731582226975,4.266706471520774,4.274631884267451
2023-12-01,3.8304882744231343,3.9747722663412146,4.073974893354012,4.180624377654964,4.230172389705621,4.2602549499378215,4.273964897841872,4.296676923794386,4.3002657067448
2023-12-04,3.742098213591275,3.8966470660388257,3.9881127658345408,4.091810109645769,4.149961662632506,4.197801460092532,4.231840076495122,4.237189811447391,4.252587536770464
2023-12-05,3.76405608023696,3.906484212312339,4.012157256836843,4.122646556477411,4.167302799821098,4.21241560446434,4.227984316882271,4.231002776136277,4.251289495959206
2023-12-06,3.6906675575829753,3.851633980735053,3.9487900779532192,4.061454799413263,4.1176179163595235,4.176821443183105,4.1715204945116335,4.198857923933743,4.206978790818021
2023-12-07,3.7482381731090215,3.8784292729928125,3.98867759859504,4.114078583809923,4.150253191216265,4.184205987823129,4.207051174420286,4.216679987519131,4.23408696063564
2023-12-08,3.677203089467537,3.8223489505408526,3.943574873574727,4.018753795009562,4.0799055282330325,4.108589640582502,4.129032171520418,4.142369156846566,4.147577147949204
2023-12-11,3.6588794361230086,3.786423411105256,3.8847929660593334,3.9851274419518137,4.030211534301446,4.078828511363034,4.090086950311418,4.122044088406866,4.116705642543649
2023-12-12,3.7464791283196215,3.891324602792844,3.9743688041648904,4.082255119354867,4.1371980582844365,4.165803213101588,4.193482313940005,4.1979308884919035,4.203464747739712
2023-12-13,3.772467878022385,3.9098718910111634,4.009759251358968,4.108595981160781,4.1403279136638975,4.168803250920795,4.18452244399691,4.179730729209915,4.191063927415279
2023-12-14,3.8370278848194768,3.987309298861675,4.0708362218245915,4.171162444287828,4.222267492055629,4.248761594050536,4.2501891088473736,4.273557915753581,4.262289879173543
2023-12-15,3.8550621774094496,3.9903730974083738,4.06927867922676,4.167625426155853,4.2097424618982116,4.244513254578272,4.244652218265384,4.260325753755881,4.266263838107874
2023-12-18,3.814998782472891,3.9573342347501703,4.040158118133143,4.117710380255592,4.179667694275002,4.219218968664153,4.242020334836339,4.23607405796059,4.262047253945091
2023-12-19,3.8496052272956884,3.9734921273697754,4.0720014290570665,4.172076625878536,4.21110791079602,4.2400598345405704,4.251672288765189,4.262350429414727,4.277819197775801
2023-12-20,3.9409844138506287,4.069250408964759,4.153601425720395,4.2407810247697615,4.300634129348017,4.336667006005349,4.353217554809099,4.363537117788256,4.370677845020374
2023-12-21,3.9526922010301604,4.082249944090815,4.166414032418578,4.261390469266505,4.301731358777988,4.337937566992935,4.343725606607121,4.338000823280454,4.353765471574271
2023-12-22,3.949473107413934,4.07149159929384,4.162054924808045,4.266402711037786,4.303853942370307,4.329376767280843,4.338252492516747,4.330863638474449,4.348657648417107
2023-12-25,4.073776069396422,4.208606013471272,4.291143503210635,4.374000132246931,4.427617330766273,4.44701104736056,4.439453589032987,4.439169692355722,4.4519332766063515
2023-12-26,4.227597457798902,4.333568376263246,4.4141029720657015,4.492206209874786,4.521004274722686,4.54946079667402,4.544323158428862,4.53929295093519,4.548032445515091
2023-12-27,4.209712702747974,4.327408585898751,4.402249259528383,4.466215258903155,4.508273457061793,4.529950676094227,4.534561171514423,4.540478329395275,4.524627182406926
2023-12-28,4.225591066671791,4.339398686996777,4.430919099908099,4.498121275007279,4.537358759625401,4.570831901289659,4.572268325820721,4.5681560904672835,4.590965351603114
2023-12-29,4.119967574403089,4.252628190558998,4.33024674228619,4.424998460024665,4.482977617494187,4.493675714322447,4.513142537630141,4.5051840584735325,4.536559090608219
2024-01-01,4.094670934985395,4.23074776615291,4.310304991543252,4.400521884271744,4.430716640627197,4.4714155919154726,4.480935137704943,4.491828097755419,4.508225304474963
2024-01-02,4.054546594106394,4.201921767506473,4.277080750020738,4.359134054480779,4.403669136835493,4.433753529290947,4.439676563484258,4.4282261029990115,4.43978527644458
2024-01-03,4.016129884464937,4.163642855166802,4.252259055598179,4.3444458314703,4.37875009334638,4.403685088031741,4.415574447716884,4.416471119601146,4.434045312340244
2024-01-04,4.067772638348664,4.2010911495053955,4.292006777069696,4.384283890084496,4.429308265019035,4.4410360582957225,4.445745922707546,4.440837541191191,4.468842516558581
2024-01-05,4.1190786838966,4.239512654000031,4.312221713915052,4.398568966270905,4.427876989072559,4.439213425609416,4.444247090879983,4.436673658637916,4.439694318466313
2024-01-08,4.1020662527050105,4.233310842174477,4.29741182220782,4.378938443241812,4.400554442731504,4.424588965452023,4.426554500404586,4.439963213891893,4.420864117462605
2024-01-09,4.1586048700700395,4.291094697861707,4.364896417528701,4.435072454300413,4.457197271584079,4.468916802609919,4.486471250823871,4.478600746137291,4.483965861207732
2024-01-10,4.235078139690238,4.384743525993872,4.4377614116280295,4.536236086556273,4.547780497640509,4.573541793664171,4.5778435544393545,4.573884400208689,4.581379895493799
2024-01-11,4.264548398708427,4.38208559786481,4.459482013335397,4.545341823512451,4.567922745464067,4.582261264963613,4.5802968888219775,4.580027899441872,4.586274133923362
2024-01-12,4.304140337971449,4.419300843113458,4.503441997457675,4.573083215920113,4.604013441750641,4.618999401798819,4.626165961053043,4.622264152764347,4.6130639278032755
2024-01-15,4.25824844015739,4.388483571692856,4.458119821399724,4.537134377719753,4.590076596778852,4.599241696524965,4.604906582613217,4.613230906516862,4.600665452795337
2024-01-16,4.31986539845019,4.423585323605174,4.4904578673863185,4.56143027873274,4.601353523068492,4.610056840913226,4.621312800427776,4.6165214396810015,4.6155764035338995
2024-01-17,4.326144329463649,4.445081783139066,4.506188509870773,4.570534233053416,4.594269508691018,4.604251980223948,4.603489995769789,4.61252793901696,4.598796162657432
2024-01-18,4.298757914612742,4.4136682754871845,4.483454347934653,4.555675809739778,4.570195932892148,4.580784103425634,4.558024163418888,4.5572892066809265,4.563005638471179
2024-01-19,4.3138719220950685,4.451774850492174,4.518856130241981,4.59115552872785,4.618650981389958,4.627216595553437,4.615803609127691,4.63080808320047,4.6218176473853845
2024-01-22,4.336854615326554,4.46113621073889,4.540436196239409,4.598236416214691,4.634059867345756,4.6464475229037525,4.64994487769207,4.649831297445961,4.651505804683277
2024-01-23,4.283170912391279,4.419406687810552,4.49685327439758,4.5791339365759915,4.609801220541139,4.606842804931998,4.615552331528745,4.6188517246355465,4.625113435990198
2024-01-24,4.314016773394495,4.429698962905377,4.5026199473233275,4.597568868888521,4.621375363871579,4.648247820693217,4.636530093130795,4.649965590947576,4.640697849435217
2024-01-25,4.291513103466518,4.4079290699566895,4.49114984129707,4.564825935150791,4.592934581735791,4.594340833686351,4.613446282190659,4.608108209605593,4.6195969553969265
2024-01-26,4.31538037444634,4.418250282180552,4.475650287014298,4.567901995303972,4.588433723932901,4.606275503501478,4.618332741127898,4.594253770277901,4.609606536441656
2024-01-29,4.2628668452101905,4.365175515901808,4.443059781293855,4.518724644323107,4.533956823361982,4.5584893117844025,4.567902668478369,4.5654319029379264,4.5760104159329575
2024-01-30,4.355246281378809,4.456348754852548,4.502877143517518,4.560477599298272,4.565101754644935,4.601551340339493,4.576785683244384,4.576753080024706,4.5825333135784225
2024-01-31,4.322039592615476,4.427522946846294,4.48510163118447,4.562195975116171,4.567007099861059,4.564121079494834,4.5675247293702395,4.573387906878415,4.573116204218226
2024-02-01,4.3402001489020785,4.448175071613849,4.5148986947745104,4.574964177400546,4.589097961077186,4.600216808500425,4.61001713383082,4.6073300584897865,4.598654934640547
2024-02-02,4.297005327525821,4.391738906485449,4.461648500502562,4.551546586118177,4.566658616804346,4.572509785160682,4.550297893409748,4.56915777252278,4.5751623474333565
2024-02-05,4.200283188917474,4.314095181938158,4.403899355282674,4.479374633574076,4.489717020341375,4.500180505999302,4.492228800034605,4.490917020188926,4.50163090423675
2024-02-06,4.134988556726876,4.264338349536189,4.339307462800032,4.412484547194319,4.429413766240663,4.468828420492993,4.465601306154059,4.479245733015529,4.463406351899409
2024-02-07,4.13303436752318,4.229950499748327,4.31805245480067,4.386812338657803,4.403885245980051,4.408684866659623,4.418317387144855,4.401770664555732,4.405406298619799
2024-02-08,4.111788734413665,4.213429866037026,4.283601416936742,4.331692068663162,4.370830275087574,4.368665606260405,4.381346874901928,4.3531575004533805,4.371754221843896
2024-02-09,4.058282967421187,4.153974873532373,4.225637901184657,4.29795477953668,4.329616392562687,4.33412054633652,4.336106945732835,4.3359414487418775,4.333903104301498
2024-02-12,4.1177876518735115,4.212473360832063,4.292044403273793,4.348152397070339,4.377270111319914,4.356389988933566,4.362554498642458,4.362026002789728,4.348473637781262
2024-02-13,4.209756685479414,4.295326887336692,4.369458602549569,4.423600721723285,4.450629402800119,4.440277729094061,4.442633488701167,4.440267827806965,4.424792947564221
2024-02-14,4.194180710359904,4.295544729422655,4.333041149985362,4.402539532276731,4.405332505277243,4.409525896567632,4.395675911495093,4.387161368049308,4.384461546705444
2024-02-15,4.312466080364458,4.396494330118118,4.443319154290335,4.487958878147025,4.48082224317695,4.4689589367124425,4.460481272676567,4.454930968740484,4.446160430581025
2024-02-16,4.386809457002198,4.471458192880323,4.514751635395834,4.558416699522033,4.582998704436561,4.565346159084068,4.56220739126854,4.546171366754274,4.540075258062241
2024-02-19,4.240102088815764,4.337377092573551,4.396340664906719,4.453400500733016,4.45242523553639,4.459651464838892,4.436484172200334,4.441738086170882,4.429366005750861
2024-02-20,4.149536248654339,4.248415500217031,4.306878625399735,4.382804084241931,4.390531342445175,4.379909117987129,4.381213653678837,4.376128611865023,4.361977901416331
2024-02-21,4.216943723857636,4.305540302302544,4.358626053901228,4.41903870038034,4.436702064841736,4.435064557143263,4.430607424151364,4.4066793318256785,4.408698459584605
2024-02-22,4.142594713655479,4.264316380540659,4.306629123963808,4.379906417084699,4.382800355688812,4.404077014945804,4.377543358959385,4.36294305918721,4.359115677881503
2024-02-23,4.1796554551594385,4.261164274671332,4.3385676490627,4.391326783541081,4.392771954893204,4.391427721822314,4.3847161647437485,4.372921773917649,4.370326598724799
2024-02-26,4.109700695904644,4.231205860888211,4.295590474998075,4.354342906723067,4.379206205856523,4.374287592794225,4.3629243373847455,4.354931481465827,4.3559122770352765
2024-02-27,4.091036924580181,4.189937919919572,4.262014202417564,4.314609638116564,4.331104497920421,4.343706188519708,4.324645634441479,4.319693663910013,4.30313886629975
2024-02-28,4.026073463872579,4.149132976832214,4.207772569820468,4.2734996962437055,4.298710175472697,4.30397435060089,4.302826964759764,4.28493568409667,4.292641465051951
2024-02-29,4.0247281889159865,4.138997545063663,4.186251639472816,4.242912519659595,4.255299700516615,4.2485035978956205,4.231542438489503,4.230859680025257,4.232559111743644
2024-03-01,4.073430866243976,4.191876979790224,4.248973608862005,4.292360378738456,4.3060472900560915,4.287990232864103,4.282849081819955,4.280561960155424,4.273127933203035
2024-03-04,4.052881343071561,4.1662373825037875,4.2322329356299635,4.270931254076532,4.2896523670986735,4.289211949466327,4.279169746699264,4.274377723389933,4.261563693560179
2024-03-05,4.083431523037757,4.197329667239272,4.25328079560183,4.313777734690686,4.323258902384846,4.330697043600073,4.314760458087832,4.306668463466455,4.300009347419113
2024-03-06,4.118475726927768,4.215984697625297,4.2746992817277025,4.3340432381618115,4.338017489761743,4.3470646407191955,4.3175573598940415,4.293223500301944,4.319259138704155
2024-03-07,4.052189467126697,4.134341169103454,4.200208687137424,4.246458548411634,4.278535172302443,4.276099506624379,4.251041576865056,4.2261728616477,4.228589752463917
2024-03-08,3.966161076848487,4.074041991086872,4.130481634723964,4.1587105949499446,4.182660845377377,4.175960940781103,4.156159394520074,4.145448629753986,4.141352652223757
2024-03-11,3.992864889254471,4.093840460882308,4.15180221415817,4.185960068267344,4.199546019589024,4.1862638721578955,4.1676148738415035,4.164322280938196,4.1619089022418425
2024-03-12,3.944448600089915,4.057707918250593,4.12162116581208,4.183268899220555,4.194240676458631,4.205008615171954,4.208447844983353,4.178125919864597,4.167703473409502
2024-03-13,3.972106275740842,4.067071062447386,4.116601486866047,4.160937456830052,4.200185036536032,4.185391866189145,4.162276449154609,4.16431832964858,4.145367185252088
2024-03-14,3.9341047018200843,4.040092383681331,4.098260406132459,4.147789855593928,4.152912920957931,4.153612058163193,4.134891685864131,4.130772612133699,4.123856998856936
2024-03-15,3.898967859307927,3.9935705592342634,4.072560035009808,4.12811635156861,4.149381131031369,4.156502522613935,4.134552333122398,4.114252555504299,4.1153648113408146
2024-03-18,3.859689777826907,3.9719853020642164,4.038876856641381,4.0987414888253255,4.12246094051517,4.116226629262529,4.139648924924707,4.113819848347688,4.118708488952412
2024-03-19,3.837094707419437,3.9211757950212305,4.009380053886513,4.058109002812352,4.080049846325207,4.082513904351111,4.081970523009013,4.092610888833419,4.088909925379982
2024-03-20,3.8338520173805937,3.930912711599363,3.992628848328424,4.053040880601547,4.0908791540964815,4.092338285242362,4.096644212772916,4.099515101401527,4.078811651592309
2024-03-21,3.797968308759681,3.917353712532404,3.984243462125947,4.039035301319142,4.062108636560862,4.10413379657832,4.088014749562822,4.076067977576111,4.091717933367909
2024-03-22,3.791183459939944,3.907989694767618,3.9904614513279393,4.053254247723149,4.092736404402679,4.095018273708478,4.105643835293015,4.102926528279029,4.098514429341317
2024-03-25,3.797706252447406,3.925610316185856,3.9860615642729655,4.069085546501716,4.111444566132644,4.107417177009953,4.11951207836279,4.109180458903266,4.116741382194846
2024-03-26,3.731549099769209,3.848726585223743,3.9276025556939707,4.025385130932286,4.0621875928738245,4.090517068884622,4.091939340978808,4.099781976826769,4.112279734667728
2024-03-27,3.7520280480675976,3.8734479984646946,3.964190333647304,4.04656875823621,4.090786541630995,4.1051020812165655,4.111442956905651,4.11631867146903,4.120550493704711
2024-03-28,3.791315765123176,3.9262290159628797,4.01029098558447,4.097457226284799,4.1352182617834545,4.144673687431376,4.1432887407986705,4.150689047947928,4.153141579738319
2024-03-29,3.763241797351706,3.899155518348123,3.9867521093717593,4.076630418097194,4.1077891833798486,4.129758668811354,4.126543468560392,4.129225728282555,4.142879161731731
2024-04-01,3.755883002538217,3.8878757795766563,3.970495225899704,4.070215409156975,4.0899498620158115,4.120668202469391,4.124754886172927,4.132131619080916,4.144595807207606
2024-04-02,3.7395544196400197,3.8577161372901885,3.927301785638426,4.029804411486683,4.064424879722186,4.088324208620676,4.1039841028734765,4.109532919853284,4.115989010714011
2024-04-03,3.732254118058995,3.8630906943650576,3.9447094200444757,4.0410026174658515,4.082590639666805,4.102273123732263,4.121662764942808,4.11662698307765,4.1285904181922035
2024-04-04,3.6114436880525433,3.7560836975769822,3.8305528947720195,3.9410645494516254,3.991350293748701,4.022879612990157,4.037546710803451,4.052523091783196,4.05375548534888
2024-04-05,3.6630669831557325,3.8100707937641336,3.8914595577354816,4.010790510721763,4.049267579544483,4.076718444134194,4.097466187285757,4.107790607451324,4.112254456881224
2024-04-08,3.7070465555017327,3.8278769863709536,3.942948584263293,4.027610989896801,4.059933591701093,4.105913125494303,4.099080552792168,4.106553320031087,4.122703390180357
2024-04-09,3.6750854246588727,3.814940370676853,3.906745411405973,4.016892655020068,4.066326520294692,4.106991204482823,4.123175762809653,4.1337594993887565,4.129207228395733
2024-04-10,3.750131298315205,3.8827972386741907,3.9721903767515365,4.089192533890932,4.133166585801439,4.177369533335537,4.188537697863279,4.179730012947549,4.209885005518337
2024-04-11,3.7230770919801337,3.8603252832286734,3.9703786453780454,4.071479496363414,4.1198026677300215,4.160186201347344,4.169638602067274,4.192426242486897,4.194836680976476
2024-04-12,3.65552822090473,3.7950978066592937,3.900244682145221,4.0203012854727405,4.054580726680477,4.085825761141175,4.11742387315972,4.118216593404976,4.132259826358568
2024-04-15,3.730358919283386,3.8610330673163435,3.9863015958969292,4.075705102113629,4.131496389075396,4.1544235275045995,4.150548402625169,4.173695008730177,4.179787412324432
2024-04-16,3.7801840509021813,3.960066241186304,4.025866107679698,4.142454305405376,4.2012117974360805,4.224869986568121,4.248162181157471,4.266968777653801,4.276800443107773
2024-04-17,3.8375162631394315,3.986970111540612,4.097548074089164,4.214383275944178,4.262367400372772,4.306728573914925,4.331391048806848,4.348593015376546,4.354532872247574
2024-04-18,3.890074842992824,4.040764805601326,4.134094352949638,4.251484751840564,4.3064132255815375,4.332408671521677,4.35017702024325,4.368854254990184,4.362249790376612
2024-04-19,3.842997828564452,3.986824115890455,4.086597584255492,4.1983672446248015,4.250337928028185,4.287126724839182,4.306575306031202,4.3176489071276745,4.314217944293918
2024-04-22,3.8499216604845383,3.98778563743572,4.110604403190692,4.206384368117022,4.256484738732638,4.312719793187438,4.325555051235866,4.353885843111357,4.36163625516402
2024-04-23,3.9088281473256705,4.052805146919009,4.1390947252281896,4.253593162734726,4.305012978214342,4.345932372845717,4.3585871335548845,4.376778895804365,4.4044205051725465
2024-04-24,3.894740203094855,4.0269342766501,4.1235106779875625,4.249071191568425,4.289664348569494,4.333433334059088,4.3454218012188,4.357634404662013,4.385559002530817
2024-04-25,3.88555847037755,4.038863069243346,4.148984576775188,4.260357939486833,4.305967903470473,4.338898170295111,4.358379779926707,4.388121548447597,4.382519066020237
2024-04-26,3.907592111533758,4.0522565839869715,4.138685712372866,4.248817369428308,4.297873060131434,4.332075551104585,4.348754305086532,4.372448228774281,4.366086469099161
2024-04-29,3.940249138335844,4.088225010904107,4.184411714957839,4.3029467042088445,4.339913637716718,4.369895020342072,4.400578353774263,4.422580705509201,4.420954646804594
2024-04-30,3.9591250924521657,4.1113929202137465,4.217433334003892,4.327045571015565,4.3704562491239445,4.40390738802191,4.4208973749920055,4.4278368206034475,4.436783665936938
2024-05-01,4.026112238143022,4.172935671907828,4.284621210962291,4.380019331637991,4.45120791664254,4.458299309209979,4.490709729989321,4.490865819015521,4.489136206377939
2024-05-02,4.160764123387155,4.299305545778832,4.386336703987573,4.500882401939884,4.542341534027176,4.599587448375686,4.600606041794996,4.624296706848372,4.614925354719739
2024-05-03,4.150580700441681,4.295953201996183,4.3908936957551195,4.484041629557145,4.539375386641037,4.5660585689303925,4.571103384657097,4.579893894564102,4.595974482598017
2024-05-06,4.2126355939093365,4.340367989398178,4.438265197461946,4.535480031716984,4.581133296270302,4.608314748241117,4.644545262010085,4.643712012524963,4.636673198406776
2024-05-07,4.246084967269669,4.366859230948987,4.4451662885741685,4.54003349596338,4.570191001845951,4.581434669516633,4.598688804695295,4.585536055924007,4.592144872175728
2024-05-08,4.178025231000748,4.314171862101422,4.401640986788084,4.494556793194883,4.547156493770623,4.557033761132151,4.574065659803017,4.57794486172055,4.579378461832195
2024-05-09,4.198169474997546,4.331643466563673,4.40373254899841,4.50919707177685,4.5516281388089155,4.586554887644477,4.592579760544974,4.5864632873147775,4.587337191620047
2024-05-10,4.0864575839538295,4.229194855385332,4.3133699107996355,4.412189584491466,4.460473883950567,4.492379022315303,4.510656138102214,4.505080585436298,4.522068463133015
2024-05-13,4.031012249223627,4.177623063415287,4.265814219663866,4.363423895313368,4.407594552877221,4.443548694808875,4.445330260386575,4.45363821988214,4.465329662432494
2024-05-14,3.979605022958643,4.108517454409525,4.1905988869105775,4.276883194770893,4.308355269997515,4.344427676600424,4.351479414069008,4.358146916603479,4.363421853903491
2024-05-15,3.994892287623999,4.138894343606688,4.240549644867499,4.318159854903388,4.367122367539428,4.398394355460476,4.423165487757183,4.423026314763234,4.454013981502239
2024-05-16,3.981448198876207,4.122449975593749,4.224344654595949,4.312807881134922,4.370658923468589,4.387193418200029,4.406607513901278,4.419016831395504,4.411664259152508
2024-05-17,3.931332452667856,4.07665235572825,4.160456996058962,4.263510809860966,4.336665460241765,4.345837897263605,4.3658458940465,4.354599925096865,4.374547418666386
2024-05-20,3.9659017754237045,4.09955629952939,4.207646931329367,4.310621439145552,4.361032607770917,4.3945847277406855,4.4191947793620745,4.4282947747789745,4.427296321465996
2024-05-21,3.9205670143198597,4.084386300539792,4.179567013117905,4.283392949957344,4.340808346343484,4.352937372782076,4.382441644325928,4.386213212116847,4.392655654166857
2024-05-22,3.8835076312075874,4.0471183865561935,4.143504574172054,4.2672089043744394,4.29624743437185,4.347934752847863,4.360978766005155,4.369818236986893,4.377787586022095
2024-05-23,3.9032966680930263,4.054791530227919,4.1750462656493275,4.264911889646461,4.317920609976357,4.3702168314401915,4.382877753157686,4.381278634907519,4.391072030391166
2024-05-24,3.8760938975794943,4.045504480891651,4.161045690933091,4.2718152583485285,4.327354309761266,4.375279280182376,4.4160047787422485,4.421938762548038,4.453498305608668
2024-05-27,3.9986231236429317,4.1679355120859904,4.272213412464768,4.402645564241405,4.455631829117917,4.493480502297623,4.5221057460753356,4.543206443597741,4.547462854921006
2024-05-28,4.053034951810318,4.199413523490971,4.323046743278613,4.422457396872651,4.484635322135047,4.502471913226791,4.5201950456126605,4.532731861436521,4.54006536380182
2024-05-29,3.9940325596770636,4.1679791176445375,4.276124903526356,4.3885409911284325,4.460700477419644,4.5002310941008785,4.5258839072182155,4.539808435044838,4.5475514313769825
2024-05-30,4.035063837794406,4.1727489477756174,4.277202835306634,4.381848984030647,4.4484034791775215,4.482188826013256,4.515472249635757,4.53242157983996,4.555434631621175
2024-05-31,3.945355437084849,4.114344631079647,4.203970887122953,4.3383996047712765,4.398276344369565,4.452779809538164,4.485704526226447,4.486714269686303,4.519996263021994
2024-06-03,3.9312216360250316,4.085394521766907,4.1865743542381955,4.340213934759115,4.407388404495062,4.433010538228155,4.46150277813294,4.487358538694737,4.49286160319038
2024-06-04,3.964179501902733,4.122142339644061,4.220558440129578,4.33971775998109,4.419594128785298,4.457318621135864,4.502879087827525,4.505110955050268,4.548195233721721
2024-06-05,3.8415171378693076,4.012464344375902,4.127918425937109,4.266988092560471,4.329121025931388,4.3800623461498995,4.418307397026506,4.446140277089828,4.472921004893697
2024-06-06,3.8803887081660626,4.063318604279589,4.176419744306011,4.29876669319246,4.368409210915046,4.427257866356795,4.463499228730417,4.488194816153843,4.519295171473496
2024-06-07,3.8825738386892708,4.062212505509419,4.173670199118836,4.303570510476213,4.364241362351547,4.4293715126078474,4.465002736255499,4.486302973647496,4.492405719604505
2024-06-10,3.8052388984991277,3.961646225422943,4.075386879600079,4.210668810433899,4.275599990717354,4.340725110965735,4.380808790904511,4.382230518862712,4.404396586602558
2024-06-11,3.710651956767858,3.8762447930312587,4.0036077583955425,4.13952378617728,4.227135281024249,4.282102453951819,4.334444865241687,4.353450675810682,4.38166096242766
2024-06-12,3.713475422100786,3.8892494583547648,4.011611877486212,4.162102630040608,4.235537822592865,4.301102328481227,4.353207720615705,4.3648508033981415,4.394430470667023
2024-06-13,3.6602183941143434,3.824831759306693,3.948517077328735,4.108018464612432,4.194555851756852,4.265841639122082,4.311159186851551,4.335133794555788,4.365630513283448
2024-06-14,3.6192932110725353,3.791147641577596,3.9308600987159177,4.100662998880181,4.191451537824424,4.283993792171903,4.327298140896965,4.359636682509937,4.383275630267902
2024-06-17,3.6353749265465636,3.837618138913112,3.9554183056093075,4.133877367563543,4.232546637424497,4.309958052173045,4.375523257595824,4.3969832880168065,4.4305689749400425
2024-06-18,3.620864952802263,3.8077937086147307,3.9704426286336107,4.137434546430504,4.249491339086145,4.315397752615365,4.383781308342319,4.442311480214625,4.465626615337357
2024-06-19,3.619086533287873,3.835592658374728,3.9820180783320156,4.173899955270316,4.271111515377977,4.364912724238184,4.432218349156091,4.474943971727692,4.5019628508830145
2024-06-20,3.610311808438799,3.8092661838117734,3.952414469454174,4.143334489948663,4.246846905517627,4.345237053812399,4.396701839909213,4.442743667320976,4.476657786738591
2024-06-21,3.527601777634368,3.7324988378542083,3.8749122091120087,4.0579205731096755,4.187751231410502,4.259294450741765,4.331767400473022,4.364446384698696,4.398786271128356
2024-06-24,3.5466415144393477,3.777903734669067,3.9157673826340638,4.101251591302886,4.207883906244123,4.320821288140105,4.396723800100396,4.430309781479851,4.4630622061437055
2024-06-25,3.4636392990398073,3.692488073799627,3.844500854008372,4.022008991194998,4.137333973479489,4.235932274052823,4.320448340710391,4.3400318234135975,4.377227501274543
2024-06-26,3.568136243023191,3.7818984200385803,3.9252852810088528,4.11427823205778,4.227201954136409,4.306755188790236,4.378135592684391,4.415901745119127,4.445996581393406
2024-06-27,3.6227003857457163,3.818571549842924,3.953222019023409,4.144378066697988,4.233546889454551,4.31986183966244,4.385401883066316,4.416131726007666,4.443120319220738
2024-06-28,3.5864006724112354,3.7698591148533662,3.9326329913854106,4.10115533899163,4.197078461254262,4.272847422610317,4.335273160482953,4.3592552345699955,4.393394294952504
2024-07-01,3.516281056815421,3.6940983338140647,3.8410857787260344,4.009719165980485,4.098030035023362,4.186569783533025,4.257447864928429,4.278958862953341,4.303888382443025
2024-07-02,3.562966451382799,3.744505320693895,3.866236042197562,4.047870691290963,4.1286030146279735,4.20429134345206,4.291211714789241,4.304538877575783,4.326764563086747
2024-07-03,3.5681529589078185,3.7306239164923944,3.8564124548286802,4.020456502100381,4.111525211416823,4.169357443178524,4.2316135604817875,4.258269654387533,4.288135114053034
2024-07-04,3.5370707992745944,3.7396917506534786,3.8462301458238386,3.9870375085649865,4.078055354891405,4.165499767831683,4.189342459346585,4.221677927233289,4.247581845818243
2024-07-05,3.5769042813350533,3.746609115815151,3.8365732484608546,4.013015453111538,4.076949109443981,4.117573365834717,4.178886694448124,4.1988177028436064,4.231318413584917
2024-07-08,3.5855329305010333,3.7415388627251134,3.8744773494208617,4.010909061230038,4.08685646118434,4.143937085322346,4.1851103005842845,4.203939631566406,4.227770603320452
2024-07-09,3.5315462389227994,3.7095512220719913,3.809380539257912,3.9544725105568803,4.040691814200538,4.097833963873853,4.151619929891462,4.191100240275072,4.201013530277793
2024-07-10,3.582431582623284,3.7345977671176955,3.858681345372321,3.9808903186546787,4.050078201896644,4.116053202303481,4.151705816372554,4.183884390650949,4.195647186418426
2024-07-11,3.634413999165465,3.7903140835477025,3.890094296960245,4.023383708229156,4.072985498698157,4.130139776338827,4.165231477375818,4.198046531784774,4.203233845416855
2024-07-12,3.700189974030254,3.840478501998295,3.930565328341604,4.049573676510633,4.111491070385934,4.155895997064889,4.193660130880689,4.200345657848209,4.2305308590958886
2024-07-15,3.6848860819290765,3.835723323184727,3.9313121141743483,4.0498710400338656,4.115794990362498,4.178461127470941,4.211533205783631,4.242669003184463,4.246276539721228
2024-07-16,3.68674496332667,3.8351814454182036,3.924218319639369,4.04514138112726,4.111879746947398,4.177928191977772,4.216902729078635,4.23198999426635,4.259050252518449
2024-07-17,3.629514022508708,3.7679803479568035,3.868976689759843,3.9975336693613825,4.065685314557652,4.122319059740949,4.177758111461968,4.202731674161918,4.221724129667805
2024-07-18,3.683515362625916,3.818049112767872,3.9120351201817107,4.0506041716996775,4.110217995408154,4.167293938189624,4.201405728706129,4.226889104120284,4.256531915999052
2024-07-19,3.6372195221299144,3.7989176708406127,3.9128509963420086,4.02217014335306,4.104110157279295,4.16774150422779,4.204508475112458,4.228417936388753,4.255990560878402
2024-07-22,3.6971347904950096,3.8361828854240816,3.9402447488798056,4.065911125195409,4.134820781374105,4.18760338190095,4.240160300667678,4.263498277966111,4.280840684329529
2024-07-23,3.6525380109389594,3.80217584158035,3.924988214295626,4.056206998082254,4.147464027158947,4.208815091999903,4.260140273198564,4.275319138170047,4.2982692612257205
2024-07-24,3.685122854395954,3.8510684597223954,3.9412485403692243,4.086216640115871,4.167806899942709,4.230218240679951,4.26516104943446,4.305981954306498,4.324256918973631
2024-07-25,3.665032941319192,3.8263807181472163,3.9389629673378663,4.084089613314488,4.1655148633416585,4.245837873751832,4.278986463286962,4.316123042301631,4.329022310977602
2024-07-26,3.6839519525588806,3.8473975280522867,3.975504751026383,4.11732785789977,4.2152328229604015,4.28755933083707,4.33268568065274,4.3628186832369655,4.397429995121439
2024-07-29,3.752063143392808,3.8943141547443973,4.009285119707807,4.1576342728477504,4.248169545195767,4.302247689302251,4.367131909718261,4.410316534308767,4.422515755603295
2024-07-30,3.7427064014087494,3.9193067030547235,4.04044060887549,4.188379591804766,4.278423459918633,4.336450189995856,4.3910903905613035,4.412592813963481,4.453811526944819
2024-07-31,3.7477439945351887,3.905083558405717,4.038512579776003,4.20227002963367,4.285719843871173,4.33175561346682,4.381294843940111,4.41152749108214,4.4338454915272765
2024-08-01,3.755978825141294,3.915086470277585,4.022598973062921,4.1849267896679505,4.243036128165121,4.320950022143774,4.358996902389488,4.381994628560007,4.403153639234158
2024-08-02,3.7804388530899997,3.961884305639418,4.07086013643985,4.2355157053511014,4.295923922600427,4.369451831414383,4.4163875303306375,4.440089019814471,4.452437636659929
2024-08-05,3.7884148246768485,3.9439983784542303,4.072138970975113,4.202817506356655,4.2733589954135525,4.32714596528129,4.374283978032616,4.395488948262258,4.41805364779786
2024-08-06,3.815966415755496,3.9794149213357155,4.07902937880156,4.2137905614323525,4.303809522985073,4.350520346760644,4.375292211604892,4.411549551171185,4.440626010916227
2024-08-07,3.8435399987034566,4.003258225312181,4.110353938052254,4.244250220912526,4.313801462156777,4.379222211627853,4.419249101845249,4.442280451145178,4.456141704713981
2024-08-08,3.9460463705739453,4.116663158697966,4.209192440241611,4.355883726678904,4.403579253090689,4.463586328264364,4.52036772315749,4.539499885378162,4.553420057425903
2024-08-09,3.8775184022511198,4.042000029362048,4.153613046565959,4.294036562387011,4.365548930671271,4.411149482259736,4.451861059831081,4.48203289865767,4.493326106511608
2024-08-12,3.8583452980069657,4.010564142269054,4.130663153870254,4.269842443081104,4.344829556528258,4.388152491053483,4.4359491355909615,4.443285457991271,4.4621958474833034
2024-08-13,3.805082651628919,3.97112098251266,4.07133569345816,4.212645473065584,4.274106380842741,4.339146873165023,4.36777044033318,4.387049484650391,4.405582000803787
2024-08-14,3.794588643463115,3.9636854280251264,4.065635367527219,4.1966286249985805,4.240544344058765,4.298342503216421,4.328621809335794,4.346691587130717,4.352893765559016
2024-08-15,3.8501260755857567,3.999325809999703,4.1207419488174555,4.227108083862045,4.296112495906584,4.326918280655577,4.359967734698362,4.384305017817191,4.405384772043117
2024-08-16,3.789009067540305,3.9492993774928555,4.044258674179105,4.187124718424265,4.242360384517288,4.286155240726628,4.310457915177905,4.332884593448951,4.34675224715548
2024-08-19,3.8078048419792214,3.964458768785887,4.061916495398367,4.18104096371865,4.2411410097732585,4.298838391073277,4.3169429879782815,4.336218036598408,4.351817372025902
2024-08-20,3.8173686775784126,3.952635840901874,4.058886148379763,4.184638945042235,4.253638518818157,4.294333978106591,4.333046795404163,4.349372463522431,4.374784060126333
2024-08-21,3.8536088381431033,3.97410297533024,4.077035488592853,4.189701300997135,4.244910703708966,4.291615471360894,4.335603341440799,4.34857931437034,4.365615816463975
2024-08-22,3.793155209935275,3.9246701605022873,4.027915753174573,4.125801108493542,4.197837994230819,4.235812522378704,4.257859322277498,4.254950006231574,4.293462485199166
2024-08-23,3.835294780892663,3.9758853232655427,4.069831666499201,4.164836015205725,4.236948285061461,4.275214898903054,4.303410434844723,4.3260453471078355,4.325337478424994
2024-08-26,3.877739622904005,3.998073962017523,4.08400072858016,4.20427366019264,4.256525402838444,4.310308522005258,4.337704872894767,4.348423540076426,4.373062720068811
2024-08-27,3.9316263128079982,4.0819269101636655,4.1794072767221575,4.280434013350644,4.323352312023415,4.350989710117415,4.384036037899536,4.399136520767807,4.399088192076241
2024-08-28,4.067885553314733,4.18270425241179,4.273938898110925,4.373522519104744,4.4220330130735555,4.457928262988446,4.455966547442981,4.478601036680203,4.487233124245905
2024-08-29,4.032408257954926,4.171057432255598,4.261309637078517,4.368106023974863,4.420417146861671,4.456255363818205,4.469324980761539,4.4949128075230735,4.494278137675694
2024-08-30,4.027911212401023,4.1693741186374575,4.259609398959507,4.354264785241583,4.412034083172023,4.433901818492709,4.4588068736723985,4.473212075629194,4.487920003009302
2024-09-02,4.033108771591448,4.176340962570132,4.259362495964411,4.34470129378526,4.419316274130832,4.449367198197319,4.47278643486538,4.4905861927375135,4.5024975950028905
2024-09-03,4.103456297901608,4.240340007312489,4.315146455080378,4.410034546256579,4.464421672846428,4.506328598193102,4.541538135528533,4.53646189087879,4.558380743606345
2024-09-04,4.154292335859426,4.268780654118212,4.34718082464216,4.445081647324936,4.509011387981167,4.545352237932902,4.553959675873482,4.571925578177735,4.5758870407787535
2024-09-05,4.243458663105826,4.370234452258844,4.4378440469852976,4.542970313964893,4.583608033042099,4.6346696227485324,4.636332686496508,4.654252334385079,4.65720304796425
2024-09-06,4.184852036619604,4.299736270995311,4.387363756152549,4.472007866011677,4.524799811084747,4.574289808550413,4.577577595024205,4.594050280384172,4.612931337511751
2024-09-09,4.217300921867892,4.328095265039061,4.408532119295097,4.4903544722001145,4.55843361865864,4.583877948289031,4.6114232166639715,4.612455317452377,4.641263883362219
2024-09-10,4.223237260878576,4.335296520022166,4.428203879343044,4.5115551310210975,4.561917357467885,4.605448386136613,4.612484627967195,4.635477236814437,4.644471846652087
2024-09-11,4.1024397175523255,4.246981439909015,4.349887143534614,4.4616571746464695,4.501694887090575,4.551004617498976,4.568161153436795,4.569087955507797,4.591093791673158
2024-09-12,4.145397886321308,4.286580134267173,4.384500277729511,4.504519922402699,4.543412357599582,4.602995393858234,4.618105037515786,4.633338554519586,4.648515410744857
2024-09-13,4.067641531678133,4.20731983974586,4.2947460321167465,4.411572928667441,4.462837223614946,4.5141755859610555,4.538549353297392,4.533461937247508,4.546791894976207
2024-09-16,4.072948851900991,4.220314253307607,4.301650809853302,4.420543241710856,4.468157631830332,4.503437810163648,4.5254168681098115,4.527587364359342,4.548542993226464
2024-09-17,4.092700853630017,4.232588173726309,4.322057730529842,4.437698586294591,4.511238335922748,4.556238025853503,4.573868209376541,4.595172166853471,4.613856263609481
2024-09-18,4.109515529260328,4.25558845526343,4.354068976721868,4.474961176305313,4.531354111998578,4.593078754881231,4.61134458999902,4.636979644830152,4.633289434932312
2024-09-19,4.074487724264381,4.233440837120748,4.31857620762981,4.435414671374944,4.493911450116516,4.540406455167895,4.5841278604303275,4.5863047340216045,4.613273155248985
2024-09-20,4.131417386376492,4.267108332424784,4.351797052879121,4.463650991343542,4.528996917911767,4.567597181323262,4.591223894663787,4.610634802757386,4.604466837695208
2024-09-23,4.081190567820198,4.222807283838031,4.325481714697012,4.423778840704341,4.474771484329768,4.514291559824421,4.533682920838576,4.554743514086497,4.562872417925075
2024-09-24,4.060305094176744,4.184287926265802,4.280468006282833,4.39096537051962,4.441537799043001,4.486321578229894,4.4999539771927655,4.516805429716387,4.52834388551077
2024-09-25,3.9713119423279513,4.096764489640049,4.219793859343122,4.312734174164974,4.364318688814549,4.4184000380803505,4.455893093603156,4.462316097013778,4.471975008252836
2024-09-26,3.9203984327076857,4.069365870855166,4.178534001838096,4.281768549286026,4.339468806262252,4.385938265520026,4.402169217048554,4.438396971840137,4.4333994402187065
2024-09-27,3.8896939683986913,4.038089329812988,4.137699142882965,4.2613536008401365,4.322237113102564,4.378143819054652,4.413181506777882,4.413160773090707,4.43492702816289
2024-09-30,3.8731104761969277,4.020539991088786,4.142595516298957,4.264654768322708,4.324876268694463,4.362386319472922,4.383300322106357,4.3994592644104,4.413418013128006
2024-10-01,3.957522944631583,4.110305995023286,4.190562738033951,4.320102104288118,4.398652377701229,4.4403229183143855,4.4777963587498855,4.486238124713684,4.504597470392732
2024-10-02,3.944145208344639,4.09829359427133,4.208304713476341,4.327284264898301,4.3816275856239955,4.411337672198759,4.4508135035409735,4.463254621742422,4.47912611100171
2024-10-03,4.008543499592275,4.15744062477669,4.250434094585105,4.3905922018907795,4.424927635623124,4.48052838511702,4.508651071876358,4.522359972258149,4.528250139060361
2024-10-04,3.982610089151699,4.157801204361983,4.2540752427800514,4.375221014261013,4.416475876812849,4.473768189648743,4.509106069532777,4.510776357803963,4.525462214612285
2024-10-07,3.950736662376276,4.120860587512536,4.221832892366041,4.343889362910717,4.414995426932896,4.451151009051265,4.496411017054896,4.493945934181153,4.513506674623587
2024-10-08,3.9918349884103073,4.159082053985854,4.2583310051818435,4.37252665085079,4.4452241368388625,4.48906638914865,4.50893948196395,4.5343867350383915,4.553803761036921
2024-10-09,3.951722711486694,4.110953146147265,4.218623491362137,4.335902422812243,4.388427226308952,4.441466607700407,4.464793763996583,4.4653685755214765,4.494631915084943
2024-10-10,3.9426889936565925,4.084538617840909,4.197369430025633,4.3083682917990735,4.3516220491289745,4.403707887882821,4.4193218294093635,4.441474794112721,4.438576447829194
2024-10-11,3.979239770354223,4.135001860079806,4.241221294171977,4.357206077785127,4.432303358472003,4.458599058705117,4.481902703680049,4.504968886036151,4.525122223734052
2024-10-14,3.9690332451342347,4.098591902445676,4.199641771127392,4.315720415978093,4.365891354216805,4.416260400925617,4.448040574828096,4.452619965275329,4.482614316952923
2024-10-15,3.916115905239949,4.0575296502334455,4.144730948024592,4.2421646780668745,4.301662414469067,4.345113029027199,4.382749227882628,4.40132530997348,4.421328874281237
2024-10-16,3.929608635630383,4.069837773415223,4.160140506853394,4.283349245323506,4.358890890699347,4.402728869647955,4.443366708766815,4.455416752967672,4.471401298092143
2024-10-17,3.884186861528515,4.032130526171769,4.142687437925249,4.264227776570321,4.3281590519576865,4.376200976725743,4.406959394809776,4.4333790243913835,4.46434803268798
2024-10-18,3.8272505380146113,3.9766657613439866,4.090242943629798,4.209520009553883,4.271866395243562,4.325235902817151,4.378816830353691,4.40374842190304,4.422594329067207
2024-10-21,3.846120996045421,4.007212949607677,4.102649335732186,4.22992142275294,4.298867633543038,4.371514757721944,4.40702403480192,4.435262624095512,4.445085674764321
2024-10-22,3.7455395015637962,3.8893241210983103,3.9907334194111983,4.1276559538669515,4.204220305620016,4.263526513676906,4.299476699306409,4.3330464417010806,4.371363522113536
2024-10-23,3.7982841551020186,3.952178550099795,4.050740637063949,4.184472572695253,4.261549060382042,4.313928769231996,4.367274320886718,4.393480622712,4.405344305374779
2024-10-24,3.802731041030403,3.9527879339712153,4.075296321576774,4.186164230423859,4.2704278163280165,4.331306723741032,4.370544228172853,4.399352382521504,4.431634209245141
2024-10-25,3.909737029952446,4.0535948556744765,4.15042758927525,4.281811467431442,4.343252234748371,4.420726682100139,4.466476732721054,4.486918115280155,4.49131649554826
2024-10-28,3.8906373735670114,4.075190804460967,4.168357548890547,4.298998692328552,4.356676394337035,4.414028557442671,4.455428251150939,4.471172825738033,4.496345007409533
2024-10-29,3.77659029285804,3.949488236515743,4.056711585789903,4.205296104829155,4.274491212660892,4.336154886789255,4.375659818331955,4.3992082693501,4.426012716738385
2024-10-30,3.7420315659046337,3.9103520660955446,4.050864597715618,4.1812276298794755,4.2737984196184104,4.3227861900729145,4.370999055836414,4.407940338893467,4.422435831534098
2024-10-31,3.752314264763283,3.938772046275101,4.059704447934733,4.199552799491836,4.271253276168464,4.342023767110858,4.3827308538975895,4.3866767510610005,4.411959075375169
2024-11-01,3.728665015153892,3.8986039511109576,4.045805667615554,4.190682315137492,4.276895660057685,4.332583381703949,4.3562013736756935,4.400573437215373,4.41053543498193
2024-11-04,3.814562150965815,3.993607577221828,4.119895136916521,4.267414084946426,4.326526128589893,4.384867694530295,4.42991435933368,4.431579647771259,4.464833211111987
2024-11-05,3.799008313876964,3.9671037516793644,4.094556111490546,4.237600893539918,4.318473059867897,4.348807514836065,4.394314835853609,4.414522488402568,4.436914351798414
2024-11-06,3.817100027486814,4.000203540536899,4.114307407856455,4.245229497861787,4.323758678418996,4.373403542547529,4.406422580221427,4.423132589989766,4.444994619966602
2024-11-07,3.8567588776741384,4.008148160931117,4.113321332694588,4.2410845038472536,4.295514561446622,4.346679953126194,4.3685160863109145,4.385170768842678,4.403366186803529
2024-11-08,3.8460938993276113,4.017782410200468,4.126928101155927,4.2572784569890425,4.3179487153474945,4.351273223118854,4.362440817507498,4.38748495544581,4.405558443690679
2024-11-11,3.811941018103215,3.980535781057348,4.0845825197563315,4.214891384275793,4.282108806101334,4.32968986800075,4.355000914033123,4.361060931417839,4.377255954799187
2024-11-12,3.8494235240702013,4.030475816371302,4.1528014795920445,4.290103779671196,4.352406554685608,4.398939827529573,4.42121948905709,4.441779359678886,4.442777973928056
2024-11-13,3.9121277776179273,4.062136296760869,4.167732842727104,4.312767102582667,4.359496079632097,4.395681639382146,4.431324918941945,4.448055545976613,4.450436658052933
2024-11-14,3.915531633780668,4.0774128051490015,4.1929724607925385,4.326763708336457,4.3938872060337,4.426670771602074,4.464867165476394,4.471633537894313,4.491623597491065
2024-11-15,3.954373800032434,4.114713223920823,4.220773723607135,4.359707219812856,4.409236953696174,4.456978455091709,4.481008300088414,4.4963370926466455,4.494870530186718
2024-11-18,3.9581251063713645,4.123514589445693,4.237839380124226,4.3617442910822755,4.411757077837392,4.4562016356862895,4.476939545365844,4.4855059098225345,4.495598618051826
2024-11-19,3.927984629424314,4.094897476117695,4.2235805967998195,4.359802910802589,4.414704250450375,4.4515445814994,4.484652222806717,4.471359855484005,4.491457746029817
2024-11-20,3.948543160229787,4.1239829058584965,4.246868413744609,4.378547561816476,4.430756726949882,4.490021949069764,4.5011982286245855,4.509255825151152,4.52755827212988
2024-11-21,3.910989790059455,4.091340129559765,4.201094812919195,4.325557912223241,4.38760846550363,4.423712701747853,4.434306123389078,4.450988683729546,4.458376516710277
2024-11-22,4.010105423250256,4.174236532596587,4.295015185271979,4.401203968516178,4.457201931748185,4.488958170132964,4.511350020867279,4.51527680549241,4.521577475805836
2024-11-25,3.966851221154657,4.1278200526910585,4.24327533139067,4.372940024424959,4.425779701446117,4.468167738499517,4.490090860731378,4.488009667095795,4.508428341393137
2024-11-26,3.977552734076084,4.156297729052844,4.264466922941025,4.396875599136314,4.464288028001695,4.502230219230626,4.504763186294432,4.526548441923049,4.538432746434354
2024-11-27,3.993261020624437,4.176968094987187,4.296763442552831,4.425238425407731,4.485604329010939,4.5354593502375105,4.562844124688612,4.57324194001557,4.57413499473376
2024-11-28,4.021898197959692,4.184284139908677,4.3015567747276355,4.435487344521186,4.499917714934117,4.534604477152276,4.566449234202747,4.572361418554683,4.582178215422307
2024-11-29,3.8746124484659736,4.049140957128929,4.166203512370334,4.3039504013492245,4.3577344298208525,4.395385320229282,4.432496666495068,4.44105483859898,4.443703480286528
2024-12-02,3.8712492198150663,4.051201998466032,4.166288978380948,4.282080532066278,4.350739588101495,4.395376039156321,4.434212749230769,4.441282617900634,4.46444884580887
2024-12-03,3.888802546893785,4.0769044071683345,4.183648754998012,4.328251787661028,4.38950623597697,4.430520678706173,4.460457087611328,4.455685648397625,4.470366079970764
2024-12-04,3.8338526716893595,4.022898828226706,4.157149937093958,4.288662855552958,4.354933156559713,4.396561255901103,4.415373825696083,4.424393667445643,4.4258118238873845
2024-12-05,3.810626474157882,4.013632293030653,4.154195104245897,4.314364632442149,4.36375293532588,4.415048839997783,4.447992297060126,4.4441629155788105,4.451544874311875
2024-12-06,3.7808194196386267,4.001929261369744,4.138787793619479,4.282415772328634,4.364690819296894,4.401747833572628,4.443876180114101,4.453048053607086,4.451414252528121
2024-12-09,3.832804891841032,4.038292831852571,4.16040460149565,4.317379105700059,4.393109372712098,4.430436206444356,4.473100019805368,4.453388133913504,4.459050634272157
2024-12-10,3.8912023115610745,4.0834502993875965,4.195297211051072,4.34727536978256,4.418066328087384,4.453036241230536,4.469382074638135,4.470379299478688,4.480170900559608
2024-12-11,3.9228077962432493,4.147230331345666,4.282985019670786,4.417436419520513,4.487373658136257,4.521571194126906,4.5495844043349924,4.55089418900045,4.566166336920096
2024-12-12,3.869448688855355,4.098508526247264,4.248005254926503,4.398295467530849,4.482898913169121,4.520652354361339,4.539188066207999,4.545588729548216,4.567757799987725
2024-12-13,3.889291926217443,4.103652899916521,4.257377158123852,4.403978606807495,4.473145383725109,4.517738532991585,4.530726382730273,4.541545119423459,4.555740503588205
2024-12-16,3.9034653064351237,4.116387436415587,4.248332617129491,4.394874079659925,4.47307090560189,4.50188093308568,4.516626646174225,4.514218501998811,4.549729080254184
2024-12-17,3.959903652732439,4.157310354881195,4.301343893589597,4.445469666276177,4.517876465516547,4.55217454625559,4.581698379024083,4.573295882503661,4.582329432378682
2024-12-18,3.9154068659214394,4.124925870056357,4.252033793267968,4.421773369832291,4.483261226096842,4.528137680917089,4.543755878939382,4.5599540011710875,4.570337812082858
2024-12-19,3.885031540309631,4.096997521919803,4.24480425690906,4.411522267763253,4.4933124689542225,4.5291353572248365,4.581086944233715,4.589478361455444,4.58874442106368
2024-12-20,3.877437353976536,4.100602387995843,4.22500071156754,4.4088396327029775,4.464905467584326,4.526042129588478,4.566915293050533,4.571796640691801,4.581355427869942
2024-12-23,3.862815986177903,4.096141861614946,4.241139118239762,4.40065356810724,4.460776847311171,4.522926014829915,4.540426975209641,4.565989449780073,4.553816555539906
2024-12-24,3.874288844697202,4.085027994217703,4.227132889131958,4.379086025536414,4.446724183570436,4.496113614302446,4.529169329152268,4.538805910901527,4.5566275497677635
2024-12-25,3.8924719304227646,4.107405255510839,4.243948979905269,4.387573776654025,4.455980971142399,4.50085678228251,4.5326298826017695,4.53008016289328,4.546765554724982
2024-12-26,3.932224554962302,4.1453879016572515,4.270625171022513,4.417332496143144,4.478813028190416,4.529320694759138,4.572023489480416,4.591682416445769,4.599950367532962
2024-12-27,3.983502006555077,4.1837694121936995,4.313092695522372,4.454765207675028,4.533213497734301,4.567688772573451,4.603767887042116,4.61129815275547,4.621169087278105
2024-12-30,4.009294005475002,4.192483080475544,4.316548241326632,4.463379494979524,4.530519890693685,4.578797876380616,4.591949596881892,4.603692845547464,4.622301410010783
2024-12-31,4.00112824970965,4.190131123210375,4.316498239321124,4.460675972420739,4.529420763144438,4.561162569876207,4.598433279470873,4.60143614320348,4.606131464012
2025-01-01,4.072989717633703,4.26797234963377,4.409238292809766,4.555187558254894,4.629645826298387,4.669129241379792,4.699566942199768,4.706543373373322,4.719026847619641
2025-01-02,4.073088329300551,4.28407023696372,4.42683105366342,4.57129222131017,4.634450046418197,4.681009540111321,4.707385129148268,4.7227225918427305,4.723056330201427
2025-01-03,4.009012376934186,4.234278990790597,4.383656947030284,4.527709322327564,4.614365732346661,4.652216788308701,4.6871784776280325,4.712947267690146,4.715422247017464
2025-01-06,4.076803837556415,4.2853457035195115,4.416046674195061,4.568741499047336,4.631128758040264,4.688894691395855,4.718285971936999,4.726454300337732,4.729188694966412
2025-01-07,4.0816396426225285,4.278858014221558,4.397614077887,4.5356992697368215,4.607390377972545,4.645284022427307,4.658531360884358,4.6622334012075335,4.689334169339873
2025-01-08,4.051677145462744,4.25503310158216,4.368758568782037,4.5203674855990394,4.570450925788141,4.61087667416138,4.627962491675611,4.636190349891978,4.642097835751505
2025-01-09,4.1078992723568515,4.307852271454291,4.429386122608349,4.582410870753856,4.649886115548684,4.677431975843866,4.708452043667817,4.711608854227876,4.728694712084302
2025-01-10,4.089746172872179,4.283049841221729,4.403824196012462,4.532366578679689,4.620756217414525,4.647733682496841,4.655631246714408,4.683046056006777,4.697752549356511
2025-01-13,4.07763732732438,4.3001641264887285,4.413106863757266,4.554236170134931,4.625012397854159,4.668579581688555,4.694860150212879,4.709164347932453,4.686360862107677
2025-01-14,4.142211397843198,4.335037582065902,4.451462393953061,4.593978379652948,4.658058067491458,4.6913729047518204,4.716254992289159,4.714794827386124,4.739081785609661
2025-01-15,4.134646123083442,4.341340758301631,4.468528581134196,4.620602480683868,4.685138799295687,4.723801018566201,4.731752188022124,4.750248069485941,4.777201733785746
2025-01-16,4.125655985955293,4.315050351552351,4.441157925413833,4.581139193017262,4.654725964867552,4.701945154078874,4.719535002705128,4.73237960096115,4.7463373490958025
2025-01-17,4.007982644914398,4.2190036169742475,4.349478060819787,4.474446555127704,4.555790573733042,4.595600157679129,4.612919992459591,4.6281517616615835,4.632793899722305
2025-01-20,4.1039950849538975,4.318019295688678,4.428357131272103,4.57838335584896,4.655832829260275,4.687812089971483,4.708128206181887,4.70826132568813,4.725400392658313
2025-01-21,4.099575217053595,4.287325373275466,4.419945282106126,4.551171492611965,4.614824780665674,4.643393226467141,4.658687341903157,4.665040998053436,4.681700076621758
2025-01-22,4.081973573926929,4.276880835132375,4.4056851861139315,4.528449735603423,4.570513985439113,4.5984469549230536,4.60070168881916,4.602819914270886,4.61334422019601
2025-01-23,4.11287751250542,4.2941518753796,4.421036413352083,4.5345497349092785,4.5942329519473315,4.623450745128894,4.617361331430849,4.6258943136264605,4.620299186335995
2025-01-24,4.063365980697497,4.26207709093496,4.381610332568178,4.511610442813254,4.575809279877161,4.598625794748196,4.5971431011564485,4.597176553683303,4.609253475663922
2025-01-27,4.176732022790784,4.355462822995696,4.487698613042112,4.610065739399514,4.6529748764278445,4.668785599367476,4.661944600123725,4.67234984504807,4.660252018632992
2025-01-28,4.090389087490299,4.268158860986797,4.386564401536636,4.522209418067106,4.581803929074908,4.5935651390063885,4.604237939989253,4.607377457909608,4.612552876605208
2025-01-29,4.1206683751793065,4.313485318882076,4.450531537161092,4.57175427992759,4.618641691423474,4.651902757114815,4.657133264475189,4.646506537196151,4.660996004103982
2025-01-30,4.2211957508769915,4.411714364075556,4.529083702601071,4.647698046347088,4.70021266467118,4.7138013463718655,4.713118927003449,4.714006183815883,4.716788165271452
2025-01-31,4.2387823849699755,4.424844886548154,4.551292408043236,4.680542068241903,4.730640082396043,4.74416248474097,4.750431716432814,4.7416233064450015,4.731217042810526
2025-02-03,4.234681190342792,4.422509232380771,4.535104367643364,4.656817686530146,4.721963992229228,4.733213437819094,4.727608062329175,4.715198746438076,4.729143885721414
2025-02-04,4.227108034882546,4.423050126684019,4.546140975931999,4.6664112223188585,4.711139479878118,4.721323137098107,4.7412037333311154,4.73422385398592,4.73269729416781
2025-02-05,4.2328211197798105,4.423160866150241,4.542392524754374,4.665269527289502,4.720561998330925,4.7172862162284765,4.717285473581149,4.7254989475298705,4.731131308276317
2025-02-06,4.213422901832376,4.395915928504561,4.5220745291549145,4.640836956375624,4.691949993508788,4.709904241338389,4.717333534402804,4.7238471940571225,4.710298551751626
2025-02-07,4.262934750426289,4.447935544678782,4.564177427976514,4.692189283375172,4.739237995008975,4.770818623646322,4.767506114079979,4.7665219364011575,4.767171743968019
2025-02-10,4.230218977406145,4.423669619564893,4.534668993194415,4.663908296226101,4.717419569330712,4.7378778210632815,4.735605138239323,4.756279383208196,4.762185078394578
2025-02-11,4.23079563129113,4.421909315540418,4.544151218183656,4.693252338834407,4.742542930214217,4.7825059163588035,4.777390115247549,4.806893306664084,4.811263548859883
2025-02-12,4.179078954044603,4.382941136941737,4.512049880259448,4.647274278663361,4.7038572629893745,4.732274724350392,4.761369979306821,4.780682078614115,4.767826412792831
2025-02-13,4.271048274012122,4.461550895088451,4.575193787775478,4.71599341017641,4.767187517354327,4.806696389409796,4.8176573143118935,4.821430480409615,4.841936978744127
2025-02-14,4.224536319399307,4.4263595617028875,4.549051397681646,4.687791843570208,4.7493909587960195,4.803960908646175,4.804512481911194,4.819611430504376,4.824232091212287
2025-02-17,4.150338280611117,4.3630330540495885,4.486101017860086,4.642764454655882,4.712871008679894,4.7455142703503705,4.76479322019019,4.776757772507982,4.774436808781734
2025-02-18,4.153647960922299,4.342123423993951,4.479054008944435,4.632703257264763,4.709766910557401,4.751540638100303,4.7748116061638655,4.802665325760193,4.812771446602969
2025-02-19,4.086224926120821,4.268515133014398,4.427359059778023,4.5580063719585535,4.6276727243631415,4.670323327907568,4.697875499038889,4.732822944856854,4.743832427008827
2025-02-20,4.087723890839131,4.279746619594742,4.41128338791501,4.547354077235608,4.635761283563207,4.681313202691725,4.710161712326791,4.717012843889009,4.738465486966743
2025-02-21,4.109079005141356,4.310365234208288,4.420793840544757,4.574677015908847,4.651099751594145,4.705846553292059,4.737359674852056,4.74373527859422,4.755464496777469
2025-02-24,4.215433335279372,4.419795184176531,4.539966558647078,4.678149621242038,4.746849203308338,4.799208016401259,4.830435556360648,4.8295286853352835,4.848453651736376
2025-02-25,4.216616028981103,4.405388149825887,4.5240034226447285,4.667699399171991,4.748102164308745,4.794976487765958,4.821122449198976,4.833949461710325,4.8359724039761485
2025-02-26,4.154836168955896,4.329930957190849,4.469965099204573,4.613182411199422,4.676481559498715,4.73629938793949,4.773508035968875,4.781617497621112,4.807697132253628
2025-02-27,4.215997528098965,4.408906700891319,4.5384052854041625,4.681745524536191,4.749532606287299,4.805226474506974,4.840489520705775,4.851730202064273,4.859955504200477
2025-02-28,4.330941840932647,4.502071846357504,4.616624756456822,4.75187129772724,4.823445927610653,4.874087799693088,4.90159557322574,4.906885171542898,4.929007737438356
2025-03-03,4.369070887887648,4.562215851270353,4.679245886574256,4.798228256791741,4.885086995160516,4.927828590261022,4.962785505376652,4.952105436564082,4.983208913763789
2025-03-04,4.454145340942365,4.621471994093385,4.740549361501781,4.87873637547679,4.935877325561266,4.956040418571361,4.9870397911521,4.988743755887922,5.018060625435016
2025-03-05,4.431338149302463,4.5779103714127025,4.71185731012209,4.8171797551314,4.8715366163735885,4.906903953949846,4.930619712041651,4.939445928821615,4.9476799617202225
2025-03-06,4.372188905736516,4.553621353633183,4.661326116347117,4.776743085115959,4.827961722976737,4.87276058935872,4.893239275704572,4.904591653276215,4.912057172176172
2025-03-07,4.357541694179381,4.537139944517476,4.631550584036278,4.767256570062986,4.830908949430896,4.890936653112245,4.908560945710542,4.922306205538894,4.936216970806807
2025-03-10,4.396771457430095,4.564090371507269,4.654669432592807,4.780806684977307,4.846118526078135,4.881145429448487,4.910459841717554,4.915620243138303,4.933047702711799
2025-03-11,4.407601624950946,4.574716435815891,4.666380040565444,4.7892103935603885,4.825455504781219,4.868501520684277,4.8812792026909415,4.88547377933435,4.90209923329818
2025-03-12,4.480996301784164,4.629269415114919,4.725556347299831,4.835775279679977,4.885124150121623,4.909281815304364,4.929697537991157,4.925790827186303,4.947576887827605
2025-03-13,4.56618321520577,4.7425118069299215,4.838964211739524,4.9495028969093475,4.9938216657878165,5.012214897929967,5.025587849658624,5.037653029429854,5.042220220558902
2025-03-14,4.520421403300674,4.692017519684107,4.777002491923372,4.900811714801908,4.956690038071971,4.981128018954152,4.9989800794735,5.00213545424674,5.0005721965036765
2025-03-17,4.525534242322693,4.687894587256188,4.793358129609349,4.901677364972033,4.9584385680641,4.986625587381905,4.994884933448674,5.015062001304747,5.0078378562463035
2025-03-18,4.462416928332025,4.636922844157658,4.745716138451191,4.853787317757387,4.909860161098555,4.941625629505534,4.952883177375001,4.959212178240307,4.981156825214061
2025-03-19,4.427702848082761,4.602356609014014,4.722578941967788,4.857168134351389,4.9226153686110985,4.955882832182821,4.9883562952948255,5.013395975474157,5.038520427373948
2025-03-20,4.467577546364767,4.629869054674603,4.752001177362363,4.8822490217762295,4.953659548013118,4.989315484682848,5.03199992847788,5.0339224451461675,5.047995784680751
2025-03-21,4.453128964065209,4.632568549051196,4.745136370515047,4.889605945286128,4.944752308792209,4.992640525525546,5.03498811401963,5.0359314073681976,5.0685535257467755
2025-03-24,4.358099783576785,4.524132669181344,4.65227637252442,4.7807851821645055,4.862091421309296,4.900356402742572,4.940700873614446,4.949546280498828,4.97685709204522
2025-03-25,4.448148234262714,4.636026067469819,4.7404958377175035,4.865120176170907,4.927616665794557,4.974290456755313,5.012123200346214,5.027105180365805,5.030147811556693
2025-03-26,4.444289734833038,4.621811650436648,4.742072078368965,4.866271462489865,4.939783143261477,4.990470107573829,5.0248162669966145,5.055518060346983,5.055005334692888
2025-03-27,4.467914845286505,4.638131913233052,4.75602168926809,4.897433033313791,4.965876334247907,5.030501139584322,5.057555677482304,5.07234008964836,5.092947583487515
2025-03-28,4.4716182222582646,4.640042126723319,4.7610337350899545,4.885400193375751,4.946901195987313,5.016645751899109,5.044766018592656,5.060173587735365,5.091785752775393
2025-03-31,4.423926573052909,4.590989859897158,4.698540346710482,4.830236720558091,4.906793976438529,4.955515533623375,4.983940665684281,5.014493346238422,5.019591102079555
2025-04-01,4.310069235645246,4.502915308296754,4.614217309108973,4.737949694836832,4.80433617887103,4.862533297554498,4.901771572102357,4.932913875591542,4.951836309094962
2025-04-02,4.260838430316299,4.427698423982402,4.530079106714054,4.67648401238326,4.743640360080393,4.798648647346616,4.830592797440078,4.854841285689807,4.876653622969653
2025-04-03,4.212260368463077,4.406737388731342,4.530034835705695,4.678065268853777,4.741366604815184,4.818423004690562,4.865929414343799,4.87479532875373,4.891022466102982
2025-04-04,4.260341736305735,4.434355736411709,4.558695383175706,4.714355679473334,4.770712129432819,4.8477530000969535,4.88232113088533,4.90126561285925,4.928075531824349
2025-04-07,4.34052501472586,4.5012494456230945,4.614004305328049,4.771497962670597,4.827273299642596,4.894064913787101,4.9496089233844565,4.949973717607006,4.964782886354887
2025-04-08,4.255366701950949,4.427625656276652,4.557367078006764,4.6970337797342765,4.788722408261956,4.837298743587628,4.889611158307195,4.8974407301154,4.920370494692458
2025-04-09,4.143428717632958,4.321570794908937,4.455999664041996,4.596974951613193,4.686822432435047,4.762257217381165,4.80254889642674,4.8303098501469695,4.8526893104828535
2025-04-10,4.217322512136496,4.391838069679871,4.535584250073699,4.68191895505517,4.781276218091727,4.831449106166743,4.8809910237450875,4.913806751175566,4.931209010197318
2025-04-11,4.133924212197058,4.329675987993816,4.455150393791296,4.624964319149891,4.714600884556284,4.795359924596914,4.83932151212703,4.870891982939814,4.905561547875144
2025-04-14,4.153860156187126,4.368377641048256,4.480313050297873,4.659057549130809,4.742929193171893,4.836354106811698,4.88324709533108,4.924629943797396,4.938819861012751
2025-04-15,4.208431088949407,4.413366148523034,4.530278839490505,4.676040741249534,4.7780442581996185,4.8274417909699,4.884065559465354,4.905846365734261,4.927237839342047
2025-04-16,4.278094070357689,4.463799081822623,4.570770434284054,4.723762154943738,4.823836017634899,4.872425903985776,4.915990791478467,4.94830410411346,4.956809486685524
2025-04-17,4.165960425752163,4.340662838299583,4.473228677838178,4.639915173253789,4.724029222489187,4.788244210514887,4.840572442472084,4.857521201165455,4.894373566349296
2025-04-18,4.184416360858842,4.377210467785049,4.5043054377777505,4.651119358393434,4.738983939873754,4.8117977511770835,4.847388252668619,4.8791125521838845,4.90616508659936
2025-04-21,4.220672324359245,4.389127612817096,4.520884044831864,4.680243236816909,4.762550674721308,4.833162291613065,4.87921037482526,4.914330163546936,4.937180784680805
2025-04-22,4.249407042537903,4.44250428336658,4.556460703500237,4.715895854944725,4.796693196994473,4.853443839453095,4.902615287548584,4.925737606496475,4.939462758493368
2025-04-23,4.221074510853329,4.394145045090517,4.533007756054446,4.6850703599578605,4.75652021516101,4.810783789995394,4.857530368296512,4.878343345652694,4.902813716080354
2025-04-24,4.246708897856279,4.413467469171304,4.5445771453287485,4.6864735713407955,4.774170293768465,4.816322942757008,4.868436204693944,4.890950232656124,4.904955972227864
2025-04-25,4.197433094748921,4.371417670484694,4.502207747546963,4.626685841440852,4.707125794981066,4.758339459424834,4.808681302045375,4.828766034346853,4.8571325481795515
2025-04-28,4.226428571266925,4.3962539687934274,4.513959948809734,4.649477231093379,4.727528504088772,4.766965227426866,4.804247595351967,4.8062400916776395,4.832957902337267
2025-04-29,4.27198121865709,4.4579069823763495,4.562609779328517,4.702441409797994,4.773161084134513,4.836365618018183,4.871841024523457,4.882336404567599,4.904799236292841
2025-04-30,4.31641381741557,4.498490522604823,4.614138906318811,4.770234522342311,4.840151648668549,4.874973020021659,4.910895238585068,4.941925643830626,4.954499814851816
2025-05-01,4.338688616584817,4.502190730348448,4.634699298010614,4.76803497237407,4.840212556299321,4.891209869679716,4.911212026441571,4.929029907763009,4.950048381148168
2025-05-02,4.304210786827178,4.489578289316633,4.588140473120398,4.73914806867618,4.806846314247976,4.859250435725533,4.890176755661587,4.91290036969922,4.916845818222418
2025-05-05,4.3226299289100725,4.511535446725751,4.644030481591842,4.7836583417336715,4.834344245864385,4.890903187802168,4.917961812666454,4.933897051961355,4.949372490222582
2025-05-06,4.288841250090565,4.499384016801899,4.617076628175752,4.747336656394482,4.840741525796302,4.879338061913241,4.91287555286266,4.926190866953288,4.959424077440595
2025-05-07,4.218623058164963,4.425298060180607,4.546255799640846,4.700534599585818,4.772349431346374,4.836270649835527,4.861432094332576,4.88694436424784,4.905246578772119
2025-05-08,4.184146955506932,4.375534323110213,4.508561664031107,4.6749853905910435,4.759165102586974,4.822319219367194,4.8447960498970835,4.870998667578198,4.909488238211285
2025-05-09,4.1720149288353365,4.368051115916703,4.502742840792704,4.655757182526014,4.761245787857649,4.822693972990354,4.86666718782709,4.894187442656725,4.9282016078558035
2025-05-12,4.275727796150645,4.438042390021002,4.5803831630742335,4.730497725290473,4.8036388728049015,4.865535802410259,4.920915300576745,4.9330674629433355,4.947479229097486
2025-05-13,4.217230985598171,4.390503813847489,4.523288389928587,4.673763210969499,4.772912089033748,4.812225920632277,4.86784450145615,4.865021629433938,4.89223071780399
2025-05-14,4.2309439114988505,4.417992679379747,4.533300708340128,4.692783350868771,4.745735670075067,4.800631298461621,4.841805255794541,4.860756530921406,4.879942996430738
2025-05-15,4.175688902364986,4.352572876854074,4.46772335370753,4.61582984474429,4.6953581106737134,4.748525568929804,4.787342294315317,4.812282670606894,4.837498137321906
2025-05-16,4.143443936373883,4.322979516992049,4.451301877668447,4.604571006719061,4.694972447190034,4.746271603164114,4.791947449439174,4.819309195932426,4.846652160811579
2025-05-19,4.160800579307399,4.324610270727888,4.458176814867362,4.614811201108489,4.678478070575429,4.7539300712552786,4.794170862657369,4.840359641937843,4.844659904261796
2025-05-20,4.13297098205127,4.319304252538129,4.457330385980976,4.61567041138719,4.693207731894201,4.7626091970849584,4.806209768578337,4.847599217773096,4.864033589904046
2025-05-21,4.062788476720693,4.247342794658585,4.372488175996648,4.503289548302558,4.621738201732222,4.685668199005475,4.736191494415174,4.756487780810239,4.780077493944821
2025-05-22,4.108017334498612,4.277440863566102,4.410033524249431,4.559573407248981,4.652642797584528,4.706660128576705,4.776641816403307,4.772558532889119,4.820220893793424
2025-05-23,4.036815384238284,4.200730204043611,4.338538230789824,4.486693719479432,4.575994055457428,4.630561457006668,4.692775090400661,4.70744958331822,4.744358550741242
2025-05-26,4.058504809663211,4.211616132173475,4.3454771309032845,4.491561170678685,4.559760851889951,4.633196842518654,4.679727062693188,4.714734168862266,4.746846722721227
2025-05-27,3.975618335422096,4.1499374615283795,4.252592301969407,4.4087060419205,4.483885622461219,4.559557303770216,4.597438659978894,4.6149281145198096,4.636070670515545
2025-05-28,4.055236208548355,4.215466814488768,4.315782178053992,4.434983921484054,4.518952953897581,4.582614587458426,4.615517144704878,4.649207985473061,4.6559240102493495
2025-05-29,4.051762635377049,4.19820318226199,4.310527972711169,4.437644339663745,4.5018544029317935,4.556582804119032,4.5982090533367375,4.613540362559772,4.6514612775403075
2025-05-30,4.045988874484728,4.17729705607872,4.278909241443747,4.4084543634454345,4.471266081837313,4.519271055979779,4.562136612015788,4.589687842781019,4.604659070616576
2025-06-02,4.077821568631351,4.2096048120750185,4.299493108472795,4.43180715621903,4.489911873324472,4.557642286372577,4.5972186531792625,4.6137858386870985,4.632234989604941
2025-06-03,4.166875812567903,4.294809196564742,4.386920718236173,4.50841403332291,4.567504691716775,4.625110966436324,4.659720749573671,4.666362976890463,4.703630315035639
2025-06-04,4.226151842735241,4.37675292559707,4.469040118256347,4.562738439781803,4.63307174587992,4.673608589727064,4.704685918124334,4.707702101217901,4.738386509522893
2025-06-05,4.205244497871063,4.348902184851119,4.431165908839196,4.542109378985803,4.603773321269076,4.6314831958607865,4.667965125838385,4.684136098295712,4.693298659064992
2025-06-06,4.1235828340302065,4.2766707796988435,4.363647197966577,4.4876765106704015,4.547280457465635,4.568757035901429,4.621691894283521,4.628777296601085,4.6424911268671805
2025-06-09,4.215875727068572,4.327696777849051,4.4337685692100886,4.515281473764929,4.5769628474871205,4.6188168967691245,4.639110755959754,4.6381951256625475,4.669566572707447
2025-06-10,4.188796026226758,4.3062963899851034,4.3903105121031025,4.47915066938304,4.535495826325579,4.579607170647173,4.61488385657487,4.626823670217829,4.645206674164505
2025-06-11,4.168576468299367,4.29018838081006,4.366084266753991,4.474521959850727,4.527093615112631,4.5756971491371665,4.604844431293825,4.62982544561289,4.6497113165891575
2025-06-12,4.211750382102244,4.330920070633264,4.424724132313578,4.528889919291835,4.584598587155795,4.639826345082622,4.664237140198282,4.677693066341521,4.690349983398888
2025-06-13,4.199228724335113,4.318995484996598,4.415546966853281,4.521772257549574,4.571837288543169,4.630861100999106,4.676799164548101,4.686491402295312,4.695750480435612
2025-06-16,4.251264016322118,4.359583809513175,4.439408286971384,4.527239552808942,4.587324154340316,4.622598143252676,4.66162590822681,4.6752206052803835,4.707405251374018
2025-06-17,4.306595758469613,4.420550126295672,4.505236139213844,4.606266382316157,4.65131343213228,4.698053545424964,4.730168049340754,4.7444852805550655,4.762659868187709
2025-06-18,4.226392391109793,4.356792567115464,4.43601241487331,4.541839425492432,4.593700012912224,4.646525569962601,4.664535381052989,4.6807534135714945,4.702036601726377
2025-06-19,4.205023118204294,4.339362587089562,4.42953408687368,4.524077569432602,4.583126343416851,4.611531108640917,4.655175946919615,4.675257871764985,4.677966485658469
2025-06-20,4.239602565347214,4.3851110620407345,4.473465983151814,4.566290088529595,4.642124172095599,4.669782385795864,4.703205907441994,4.72393840287495,4.742998845601405
2025-06-23,4.245452754375416,4.379407153134071,4.478135375598698,4.605176041768555,4.662979577489471,4.7147684585703615,4.753113675452709,4.77848344035397,4.790524687188543
2025-06-24,4.187496797386649,4.339293127038404,4.427332879822042,4.558580266345798,4.611776533543984,4.651021611400683,4.714810721230593,4.7210021483460105,4.729108705472827
2025-06-25,4.214828436697026,4.346685633623354,4.46050686917227,4.5710413809654,4.64150003800373,4.689319804192262,4.732445283335136,4.747552608803113,4.7575247552497695
2025-06-26,4.218411326907056,4.339393177031177,4.451703488806422,4.558227044952757,4.625304069021636,4.675201157572881,4.697495045076753,4.721644776779561,4.74280956646943
2025-06-27,4.090964641186675,4.226671932160087,4.339061056255952,4.4506028863846465,4.527931484506318,4.582382061952886,4.5996594695827975,4.6168056164850375,4.641043015773865
2025-06-30,4.034633151942511,4.202634671542443,4.312054666309991,4.439130685859262,4.499093046883624,4.548473079347053,4.586666387287881,4.61485681807931,4.629368436175301
2025-07-01,4.065513302411709,4.22175589198187,4.323469774674066,4.447811959500719,4.517642987573105,4.581607848272924,4.619536452962875,4.6496128524583,4.664606310041774
2025-07-02,4.0541437370140985,4.1921191768657255,4.297698797131889,4.438020607979916,4.50364874604561,4.5828457827802564,4.618074060023836,4.635992293650009,4.653909410612023
2025-07-03,4.062224250388909,4.213812806337769,4.321280885970578,4.438088181871256,4.520338684021544,4.563757993719673,4.607161350734657,4.61414200666038,4.632614285176329
2025-07-04,4.093822018435154,4.254999219377118,4.369656864663091,4.506399448733645,4.5852547368971175,4.631140969046946,4.678297652338415,4.709577891585981,4.708428754576906
2025-07-07,4.033350619811546,4.219957934794951,4.3128208635429734,4.450249377042661,4.5296666293008165,4.5683530370889285,4.628109895056223,4.656778883488807,4.669653454942278
2025-07-08,4.011639290930758,4.175135429727984,4.285344907642999,4.412814165081161,4.500633800046935,4.536813467648224,4.59079559221579,4.601657245431139,4.6044360500901265
2025-07-09,3.9793114501000577,4.127749542665111,4.230110896604866,4.355993521316911,4.415962828689256,4.46527205246926,4.502084421754194,4.543196606719216,4.540389588806539
2025-07-10,4.08868387313551,4.2504859313012195,4.335349239496371,4.468338877057921,4.5548448511637405,4.58705906400765,4.634613047225432,4.642428585650276,4.671414569928627
2025-07-11,4.069174908718577,4.206802815174255,4.316489562051273,4.442502855499744,4.4974247920492045,4.553544243020675,4.585202876462139,4.606578370629937,4.617051599023741
2025-07-14,3.9495068991059727,4.090712162169782,4.2066145537340915,4.301911570440734,4.381896652186129,4.417451559651421,4.450448494733174,4.46387187869529,4.4797992138247045
2025-07-15,3.9741435468476882,4.112944730799973,4.206994607152336,4.326328944333717,4.37588514501618,4.405697506544643,4.434702277195364,4.455360784624361,4.4685133661302805
2025-07-16,4.124561520654711,4.2697436841943235,4.36619712373982,4.475189245372641,4.518134890597448,4.5624617433794175,4.59235691918113,4.593803022015228,4.594698324046841
2025-07-17,4.120486901617092,4.273861153084874,4.364731313252791,4.471090073650867,4.517893948177593,4.532219375166589,4.566734608066528,4.569549103529161,4.577539352872377
2025-07-18,4.192391419904491,4.315454914897434,4.410725027311162,4.5111837104223405,4.560261036992314,4.596951856201262,4.625052358994991,4.624868568666518,4.632556116766753
2025-07-21,4.147641013486604,4.286615833534465,4.38569967902097,4.502119519737242,4.55043947598749,4.584864105173686,4.589125554506883,4.6132225156486655,4.6142231196278285
2025-07-22,4.090221856636103,4.257795024869834,4.339859831895631,4.464648096241175,4.515261127190017,4.557407602458853,4.564384444429697,4.591519563526312,4.596925426732713
2025-07-23,3.9998710465160725,4.153371316988284,4.247925933479729,4.380613668992019,4.417667161822423,4.474736095270892,4.497766054315978,4.498761239220737,4.5193855607471995
2025-07-24,4.084453038658605,4.242219797695134,4.335799202559967,4.456572556978765,4.5253665452845135,4.565750465241485,4.5933484831355855,4.602511865786016,4.620662620014988
2025-07-25,4.07488163512278,4.232318346272978,4.329055093100652,4.471203238989042,4.521840979056304,4.558363231399212,4.591592247916034,4.615046214774061,4.626644820591916
2025-07-28,4.058031086984955,4.252757334797785,4.3441879742894,4.481266426954296,4.529961487706776,4.581240842181741,4.595262118369989,4.606808080276562,4.631217520403566
2025-07-29,4.162865580079894,4.314311540682164,4.416832727028241,4.537522544029464,4.600671843129336,4.648889121488228,4.660967254299381,4.652991217520722,4.681356622724218
2025-07-30,4.153363555719807,4.316373960454049,4.4247466784752625,4.544143863236026,4.605275934183294,4.662624538823821,4.6712792998508945,4.69912073207834,4.70872289007022
2025-07-31,4.074213528874706,4.229881175300882,4.3437664851185005,4.479891990808734,4.539110647834487,4.597900138927212,4.623543161991989,4.646737064886053,4.663596798168915
2025-08-01,4.003458218735148,4.1652686577637414,4.292293712952456,4.437091638720275,4.504625904970288,4.53980588930732,4.585815771689377,4.614097814132912,4.616041583523742
2025-08-04,3.935631354810889,4.110499822581764,4.228347060650779,4.366224480607617,4.436672063352518,4.487761420546936,4.5347081706748344,4.546422669976233,4.565632242380413
2025-08-05,3.8942753682272535,4.0684117946354315,4.201778246066401,4.3603170514252465,4.439385941226344,4.491926080204207,4.536142031003939,4.557034934173332,4.5698030118800945
2025-08-06,3.902276688607226,4.0808754906555915,4.177368548996112,4.3124184223248445,4.36884741121392,4.43121799686272,4.465749484764614,4.480615661484247,4.501292366267513
2025-08-07,3.989311581880642,4.149485825805018,4.26606657508072,4.4026847463518495,4.442069661664057,4.498281236175076,4.533316053850865,4.547453481614133,4.541974714093471
2025-08-08,3.9398158472114333,4.138244466438422,4.238825721133812,4.370440894980684,4.4522354402675335,4.506105559674746,4.539301894067136,4.5459783401137,4.544890737375982
2025-08-11,3.861532397874429,4.0530153193331335,4.180150629500521,4.330585488708369,4.404049159940072,4.449357506810076,4.479964321397164,4.499600411817357,4.5111595587434765
2025-08-12,3.915424531503598,4.119416173183974,4.253353030776825,4.391242603310884,4.455472962991266,4.498611034976374,4.546160880427546,4.563458512163938,4.567045519473981
2025-08-13,3.9500282739046297,4.14639368317121,4.271341721433922,4.410267856865954,4.478852469925122,4.522592490138229,4.552409925222782,4.562205762108843,4.575727636148287
2025-08-14,4.003830071664203,4.19598534664349,4.318874171215426,4.451528502272251,4.516142982601791,4.563552899593862,4.596879948212147,4.614389566353532,4.624708254451508
2025-08-15,3.9504324527538865,4.144152802769499,4.262168893755272,4.4052568763564235,4.493763092017999,4.540750297945247,4.562264617256384,4.580623045588306,4.582001931677982
2025-08-18,3.8470537839216283,4.045730536362988,4.183686851585126,4.337180132321811,4.405764303514374,4.449496766053737,4.477457235952528,4.495711971752718,4.4836644780930035
2025-08-19,3.8386177016373044,4.041875641665081,4.161973908721577,4.3001269778175875,4.385804904840248,4.414535712238876,4.4414206965194065,4.458122629773916,4.452836655918222
2025-08-20,3.8316906449565233,4.03090178573853,4.152120966697004,4.290968494878158,4.35244154976919,4.387949391930406,4.413644239393297,4.420632429430435,4.4443444711060245
2025-08-21,3.8858581159610557,4.074528500831114,4.1984513020811605,4.329478710386815,4.3973678127886355,4.43010618291158,4.449856388984124,4.4698988116608716,4.473868887978038
2025-08-22,3.893881273065396,4.077027663385871,4.195761339666684,4.330010687683164,4.396132569341341,4.4369979044660095,4.462867015180443,4.478840280780929,4.485937774414346
2025-08-25,3.9466953660196658,4.11908573158601,4.23828477885795,4.36087531983918,4.403591976688753,4.451190333307459,4.461362724266014,4.478591601209417,4.465876770405037
2025-08-26,4.015521021850113,4.1731193174361865,4.297923577859791,4.420609546503981,4.471352691228834,4.5066821603376175,4.516816161372324,4.526859657948143,4.53871501104887
2025-08-27,3.9005503283822405,4.089768849767908,4.209220804052749,4.335415046955541,4.405784803908235,4.426084182206504,4.458256112757946,4.455503948443989,4.449272218720356
2025-08-28,3.8387060915531652,4.030661431309187,4.150557902532303,4.2838609975168715,4.334126697889553,4.366327595261379,4.385321315573556,4.408039146003992,4.397903740631563
2025-08-29,3.901938304536607,4.095768592226999,4.212978730871581,4.324125167247255,4.381871913680841,4.421233102105388,4.42999164837661,4.426673889080285,4.4358920631689145
2025-09-01,3.8903100291462227,4.074047740163162,4.1866364926356585,4.316713927757003,4.364545834898872,4.408301031921574,4.435089451346916,4.418307657451635,4.442318278089617
2025-09-02,3.843912289543678,4.032146194968691,4.130483815452583,4.283670243185361,4.339901709004745,4.380163607405591,4.4120540060036,4.3980188815845995,4.422387514478144
2025-09-03,3.8064536361975225,3.995773190074614,4.109735859334937,4.234991863233425,4.289136167118259,4.329992865911929,4.363121473210275,4.368059608449793,4.381688121731296
2025-09-04,3.842217602163334,4.013762794383354,4.132037828812659,4.264564774832325,4.3181719747258756,4.354885911941738,4.364682510673476,4.3812474135294,4.381934492431733
2025-09-05,3.7961107134870407,3.975339824756015,4.085184357743309,4.220904917800011,4.284105393613056,4.308145725765117,4.34492829506744,4.358665464579853,4.361482960539113
2025-09-08,3.750199677702746,3.9415193928908723,4.0634387302352994,4.196479007541067,4.25223130703531,4.2870339244990605,4.310285478217435,4.325041548052776,4.328238540972532
2025-09-09,3.7910721492120443,3.9621777252499966,4.064682018642724,4.19315920153284,4.254979325715878,4.2753730185042835,4.283036384822161,4.285184393820562,4.2883642019571475
2025-09-10,3.7029352503963735,3.8964098964328464,4.010202773461694,4.129648259047515,4.189521640137247,4.229155434018415,4.245059811605026,4.235644955546151,4.239360053927133
2025-09-11,3.60044972170619,3.8021408123013765,3.9182870034920305,4.064674372848305,4.125864422300593,4.159796942400933,4.180877392852072,4.192648926218542,4.190793957362792
2025-09-12,3.5598037449514672,3.7661142299935526,3.8802254882191773,4.020308669533288,4.089259174000606,4.123533276636413,4.141430597663534,4.152092615736539,4.149224860642879
2025-09-15,3.529557988722143,3.735919753285658,3.878331356435096,4.001180485451879,4.078202868974294,4.106846553050325,4.132547918930016,4.136964364100518,4.140460234258332
2025-09-16,3.480489281217048,3.702098505816305,3.8266165466042183,3.989601285377756,4.055654148118452,4.110436028841245,4.127367458005086,4.138502678621391,4.127382527266055
2025-09-17,3.5281876595004613,3.7591123199479166,3.8734070317038145,4.032355295746,4.10459863878304,4.151407744151095,4.168799329048096,4.167635919131809,4.187642174193005
2025-09-18,3.5548885353544297,3.7630928878358127,3.9072167517884204,4.062663481794193,4.133509758369217,4.195770347493787,4.210413297808507,4.241764276119544,4.2577158903155405
2025-09-19,3.6389772277602535,3.8529409387786657,3.9808479513113957,4.142380356679155,4.20735886860242,4.263554041433256,4.301672150571464,4.304682173817807,4.314823196792071
2025-09-22,3.5655884029914677,3.7886022930040273,3.9221063897265607,4.082862014140758,4.159616389413496,4.208732291784009,4.250872501046262,4.2559547872456305,4.278073621767783
2025-09-23,3.538365713563872,3.7524302261028004,3.880702873362953,4.048699939048363,4.107727796698427,4.184571632236602,4.223602119473942,4.2518951616749785,4.261529412768213
2025-09-24,3.549833768740675,3.7544152773785613,3.9041238548916724,4.059179922942708,4.133111637052513,4.18223933560664,4.235845328343207,4.240978643925638,4.262312259440345
2025-09-25,3.510529728314883,3.7331518355599256,3.8660323126057214,4.045879296807851,4.13459615024362,4.197753267146528,4.235200033604677,4.250918465880907,4.278490936805879
2025-09-26,3.5236884378069284,3.7310345242138836,3.883115760709371,4.0354327649863215,4.122654395839967,4.181197620176035,4.221464216108411,4.245424109746131,4.264019388319202
2025-09-29,3.5013470534184763,3.7105668669205607,3.8692050602026726,4.007498891329133,4.097690531316945,4.143384793812174,4.1858046178447985,4.206623900225958,4.248049913989529
2025-09-30,3.365019042117559,3.5707337177595235,3.7244146322240357,3.8934896798333813,3.970756077949168,4.037518096542209,4.088889385233749,4.111723206082123,4.115408214870185
2025-10-01,3.3823799391772917,3.5768623536306348,3.7147945231415673,3.8716989860216318,3.9385170927719964,3.9990498655292894,4.033617984842862,4.0610172336223185,4.072488019967029
2025-10-02,3.4151457797604037,3.600679429065824,3.745157991112788,3.8969298163400605,3.969462594468676,4.04242909198198,4.092369650660607,4.104751743249382,4.1298390044909326
2025-10-03,3.456544130524663,3.6452782433742024,3.7846793823039495,3.931423465070262,4.01186421972346,4.081327421810649,4.1213842387962005,4.142810906084233,4.167735754571693
2025-10-06,3.5454045590039023,3.727848750710907,3.857361590131605,4.013856886445181,4.096527255390224,4.158321754360111,4.200358464430028,4.222585556643921,4.233679392511231
2025-10-07,3.573234355659466,3.782583817818568,3.9093445021691715,4.068337830793287,4.143586352655036,4.1968567770464364,4.242919331393821,4.261712512572152,4.285781071493132
2025-10-08,3.6002055248622207,3.791607419282429,3.916441772861318,4.0732941236135,4.15016139683797,4.202461503984546,4.26009257722781,4.279547892270006,4.283091882809945
2025-10-09,3.632975958682155,3.799180588296832,3.9097252713777677,4.059491457249224,4.142306216099968,4.194698520574663,4.22211969287599,4.236356774726675,4.258336103364518
2025-10-10,3.6075768762537765,3.7838405461654974,3.881840378478077,4.0208229119554515,4.1070209951228005,4.164771110406445,4.1882780423298405,4.212950186990074,4.2230332693483685
2025-10-13,3.639500773056641,3.8181695201025967,3.9353143529047006,4.072569127159,4.141413134899264,4.182106926905048,4.235194475877527,4.252386849557122,4.263502388908575
2025-10-14,3.6460135108270166,3.839314714318516,3.9353955514160677,4.063211100394404,4.141838686633574,4.184833358824667,4.2130433920555195,4.228535173649713,4.244458538721495
2025-10-15,3.699545673045638,3.8669422977484817,3.9702100466019865,4.088550881526732,4.15302839031272,4.191968860644225,4.217603404730053,4.23402724816772,4.246778859534947
2025-10-16,3.6489480490456208,3.8035715425194256,3.9211293814414137,4.036907163892712,4.105067676567835,4.138886891952796,4.174890251431745,4.161873892052421,4.182599722480481
2025-10-17,3.541287760337943,3.709210112273431,3.8186420225364657,3.9415859292661914,3.999903725324475,4.0398859846178246,4.063717654958217,4.069175360564632,4.081973237847349
2025-10-20,3.5991383397295116,3.747398383783268,3.8612440620946833,3.985093057370155,4.043043050860651,4.08448001502367,4.10813297884372,4.109350819369834,4.125558563705893
2025-10-21,3.6265828258726955,3.798997789615936,3.892804761206431,4.017224774926171,4.063157666769561,4.100511069163189,4.113695827536999,4.129365864415963,4.146248046477143
2025-10-22,3.655265367087066,3.8048961728999573,3.9277722166375946,4.035009218508722,4.100298977712971,4.1466962670934775,4.15658784321446,4.166907779981172,4.182644107843806
2025-10-23,3.6955160064594668,3.858663414581878,3.9505660295961755,4.058515663021127,4.1147422196700285,4.157254250096527,4.179824441329943,4.180384873916507,4.191521310700713
2025-10-24,3.6933607143249034,3.8411047312884983,3.934747135215551,4.06853011872614,4.109883519935312,4.138195788033793,4.158469174691497,4.151728269771241,4.179400705892159
2025-10-27,3.704883094678654,3.8619945792525066,3.948381090339979,4.083891764470506,4.131242013221509,4.147822500293898,4.185952561233276,4.187244308855043,4.204185282245363
2025-10-28,3.7058557122682725,3.862226705172125,3.9532568634259175,4.085440793108096,4.139344406634549,4.182146678686693,4.2055492809055615,4.210927746112068,4.223431484254161
2025-10-29,3.69546390422841,3.85307877140422,3.950121627666207,4.062837418384648,4.121858362731558,4.159683626590573,4.195069154694703,4.197172083968344,4.217378270810698
2025-10-30,3.796010447273687,3.9523348385042003,4.050313606325214,4.167844613889268,4.233873334288501,4.267015108382768,4.292188634897581,4.288394637466655,4.303583484905482
2025-10-31,3.788214846742904,3.956988463459617,4.048145522453384,4.166189063008652,4.207522567398552,4.246835623818766,4.269388948811186,4.281792555609351,4.282904995707982
2025-11-03,3.7477094554226857,3.8952015943971725,3.9900183283412507,4.10446670149747,4.156408584963927,4.198168892114313,4.225135822128358,4.221216423508116,4.225271141334997
2025-11-04,3.775987308623839,3.9214453521034014,4.0219547634999495,4.139175987690003,4.166755198309783,4.205295379563053,4.212501903456406,4.225181568161927,4.20975283304027
2025-11-05,3.78608743007412,3.92456276259493,4.030460744424886,4.124320149490082,4.186490508647839,4.199075614473695,4.208543711288337,4.2237438167375965,4.225624742106442
2025-11-06,3.823481006583893,3.9593793733251443,4.056693576167299,4.1623325639604145,4.2015921172629005,4.234740952094858,4.244925326186267,4.252436748936704,4.245899088570037
2025-11-07,3.7529434536627746,3.9096178942556694,4.00232377376685,4.107996080197622,4.155864505341338,4.173295144204924,4.191868943115495,4.199875864504941,4.200664755927406
2025-11-10,3.8197611856263998,3.9688474734799155,4.0723925410735395,4.184672137759962,4.2406287191998455,4.279717769660215,4.298117283907678,4.290401938444364,4.296256540590463
2025-11-11,3.843709543406753,4.009196891916784,4.117090765041881,4.220204030263829,4.274592249044577,4.3024619146039385,4.326089706081116,4.320754478783309,4.327089783390663
2025-11-12,3.8947279761686247,4.0642344877924375,4.152057810986202,4.263305712288068,4.309428366494662,4.349024747068248,4.355745120192706,4.365661292005727,4.368901015467195
2025-11-13,3.8874812514612227,4.042730414354988,4.1435172691490685,4.25130072286979,4.311190914934762,4.311864556163532,4.327219467327554,4.331163563410698,4.357212157293351
2025-11-14,3.940757072197835,4.110140729288573,4.179302676427155,4.274153549344303,4.329848633818906,4.361947576255888,4.340661125007899,4.338168378963553,4.3384153617846275
2025-11-17,3.9181594735049523,4.080502204343102,4.179708107374724,4.290348243958725,4.320087888734958,4.349991824752513,4.36145333932007,4.367711813630322,4.374372764051833
2025-11-18,3.8137293930720424,3.979832684328707,4.074778109595353,4.179513944208607,4.21116375303889,4.24380117900274,4.260902574595761,4.2668717500295745,4.281617216872353
2025-11-19,3.8560043738907384,4.001355883839714,4.099791986991524,4.211082087074586,4.268492952685725,4.292395924792671,4.2990482219304615,4.300315088701183,4.315843430266645
2025-11-20,3.9710601517723645,4.110516077158844,4.210155833835612,4.310412564029748,4.378275485279134,4.385464121399454,4.40408844672192,4.388852509452003,4.41500713914788
2025-11-21,3.943649144851561,4.090655658146177,4.197941277663551,4.313676600021441,4.366975474122531,4.402262301639898,4.4230021030513855,4.427660167126828,4.422233710466174
2025-11-24,3.894751750967574,4.0534054626609,4.156642191632958,4.265763815173003,4.325187426282235,4.354161093168125,4.347853838829658,4.354346130825622,4.370828138942266
2025-11-25,3.9045992004223056,4.064330793498707,4.177651888830342,4.315328356032165,4.351003707827088,4.405389523095247,4.42320344661357,4.432139410412773,4.438324478195037
2025-11-26,3.823172717258745,3.9992009831186017,4.118475837580179,4.2539855827048445,4.3236980541933105,4.3686451608653325,4.414970929348859,4.432493183083866,4.449143549292467
2025-11-27,3.848387696302067,4.008360631467684,4.131403693464957,4.277037623600876,4.330646265375462,4.3922587659995616,4.414232637041968,4.435584786600769,4.459248861790432
2025-11-28,3.843978892126386,4.013445384753256,4.12587064218565,4.2565554400922565,4.316886410866524,4.368181214177964,4.390933197757261,4.40616702876798,4.415516905166533
2025-12-01,3.8690879929203343,4.0478721700270315,4.167804682599194,4.29544853113608,4.363231260087235,4.416108853287207,4.449097750584587,4.453080952445774,4.483377552330135
2025-12-02,3.8525054731378385,4.029476137899648,4.138110243440243,4.282615923549416,4.35706221084323,4.407580165971474,4.43635257505013,4.461640553836073,4.481649752185053
2025-12-03,3.9043185956757727,4.062884818415722,4.178823930669063,4.328106674182065,4.389073753252729,4.440219737690685,4.479038656511074,4.496577239312512,4.5106503313513375
2025-12-04,3.876110053244904,4.0444922815905775,4.158436486608411,4.298358219712127,4.370977282250636,4.410379277540151,4.442834035527593,4.470578845348494,4.4750506077470895
2025-12-05,3.8329676032749087,4.0059600974035385,4.117172325910238,4.237389148221984,4.319940184814631,4.344843320383643,4.395323920109929,4.407657542294673,4.411515546897958
2025-12-08,3.8315663529256234,4.000938394608749,4.088750960648479,4.232592162211162,4.278520896530564,4.32736196329394,4.363585995201903,4.378205845692844,4.396923100407546
2025-12-09,3.8600031474582917,4.033544075870061,4.133563392454305,4.2525749415997565,4.321027335422979,4.380459886609156,4.409570923149356,4.4238127142683865,4.437090260923059
2025-12-10,3.8546316814867523,4.02332767507808,4.130821306360522,4.259879394130118,4.304245530627356,4.3662270807095345,4.402178340643396,4.420563961543982,4.431484350964819
2025-12-11,3.7567360393318907,3.9144649342851268,4.035537693088369,4.157413188503243,4.240169890463872,4.295779411515465,4.34655575835602,4.351905502838292,4.394259103265408
2025-12-12,3.813564363766859,3.985142556560882,4.076409994113824,4.195924798927422,4.254678227783452,4.312332966372619,4.369380381746573,4.375897815229504,4.384866322107314
2025-12-15,3.7312567791466984,3.8878962698648523,4.001798332245493,4.128888068260134,4.181355572464444,4.265092951711496,4.3087920016324,4.324349439727259,4.327031254814314
2025-12-16,3.8473820522500666,3.9889450905169404,4.108099992232013,4.220049109364033,4.293200084509805,4.343611165316328,4.386091303080062,4.403528179955955,4.420109581125248
2025-12-17,3.7510070036713388,3.9121706220676984,4.0100779425347115,4.14791661317799,4.222049607759803,4.290749522198974,4.335677483596132,4.344049391582712,4.366411428900999
2025-12-18,3.6419548977276444,3.81135725431931,3.8927420492325053,4.028092697984736,4.113640588743578,4.165428827970314,4.2339730934232005,4.244673210300076,4.248284548824356
2025-12-19,3.6889147165363485,3.8575919622444914,3.950705612531681,4.092868979858542,4.1658648561507,4.231919859747843,4.276947842547318,4.298088689633626,4.310682366645072
2025-12-22,3.578495511272428,3.7524130914041094,3.86171194514035,4.001193325348966,4.062880098802317,4.120163844209667,4.173829414460973,4.1989841612790855,4.214952246397171
2025-12-23,3.6000928680468496,3.7601622482904453,3.853654908703611,3.9901152940626643,4.03627103754009,4.108798216462571,4.158665553044888,4.169457206503205,4.196235013490955
2025-12-24,3.5928667045204676,3.7343926796124665,3.83463834003161,3.9618693195308925,4.048853700477352,4.107282813892115,4.130772624031442,4.175896417768518,4.191406169230519
2025-12-25,3.536192284828128,3.6889609207217653,3.8001223143311855,3.935128599805868,3.996406434904593,4.075353361244534,4.120206808682211,4.1367636130337155,4.160293991329206
2025-12-26,3.4735211775619557,3.6447550088695326,3.745226253481848,3.898121514100034,3.9718836993604723,4.028857227550312,4.078781815452032,4.100054638040141,4.132395663051863
2025-12-29,3.4690927728199092,3.6428576177580094,3.7615190423148444,3.8829986597439206,3.983750785947891,4.030106874685083,4.063869421667558,4.097986671641652,4.122399072933299
2025-12-30,3.5577059671164375,3.7109277351013357,3.8179983382570772,3.9461695271662474,4.012487836275414,4.069528597231364,4.127387756749729,4.144806091325574,4.160906672686917
2025-12-31,3.61796688335745,3.7819059326619393,3.87981323462062,4.021698962049644,4.095135353211037,4.143384054499694,4.174198785228094,4.1954258957568475,4.211875759669751
2026-01-01,3.5787955038240375,3.744908903838852,3.8535562301833424,3.9935555593136445,4.049946720920659,4.103478872554242,4.154282579928185,4.159261048115711,4.176217417880311
2026-01-02,3.6458989558241326,3.805889054283375,3.9104907627158343,4.044162463392501,4.114148192863808,4.158685860455271,4.189492313547622,4.219957564738884,4.229337419355396
2026-01-05,3.624084633149733,3.793750008625843,3.9008131343267913,4.033055872748418,4.10679692758311,4.162908827314221,4.196616688270821,4.214526229338162,4.215472921270626
2026-01-06,3.6757754041943653,3.8328122833476845,3.922257893413254,4.080268928610607,4.131889887621045,4.1961486833960615,4.232269261630819,4.2363720551484825,4.267051780418435
2026-01-07,3.6027609397164233,3.788481333641385,3.8872771226736953,4.019457985999633,4.087244691825801,4.140001057066828,4.174185357047782,4.192836298862429,4.21373413766023
2026-01-08,3.658422105168348,3.830020095042504,3.9409950610996543,4.085728180862875,4.146245129536598,4.211816088657306,4.2367871582856935,4.2624331486252265,4.283733043724136
2026-01-09,3.641343683371695,3.7998403481607945,3.903136784395905,4.0443304856054585,4.1051652296598515,4.161360548173418,4.192049452871359,4.208636346585933,4.239099330701317
2026-01-12,3.586878319619998,3.7508407156150008,3.8668182032163045,4.007462392153665,4.084199693297969,4.1151380533082635,4.163606203381408,4.172890498022434,4.185652829661651
2026-01-13,3.6263425872123527,3.780843508836661,3.915264485998688,4.04411729108971,4.1377963662518775,4.175445697409732,4.215392860538418,4.223096340595269,4.246856748455703
2026-01-14,3.627857014665898,3.7958278901945577,3.9126029662126527,4.059581692748602,4.138658014488318,4.199412895126674,4.23894214405867,4.261354490111477,4.276324370458544
2026-01-15,3.649192059640132,3.8146067712169316,3.955254336083966,4.093060204545431,4.174546341757204,4.234156158945712,4.287165668059008,4.302433322658198,4.313834358223253
2026-01-16,3.7697565190238054,3.9477151958875476,4.058879517251068,4.1808342334617725,4.265380386571047,4.301655155139768,4.350093475210854,4.3636558747507035,4.378474778697066
2026-01-19,3.743543941453781,3.9024391910401266,4.0117659369505585,4.1535238663945755,4.233043634593135,4.292261789762327,4.331508404237448,4.337128209859581,4.365943368374238
2026-01-20,3.8049398721449217,3.966604046961787,4.092073093716718,4.221504161650988,4.292871139245941,4.355249385389046,4.390147511931283,4.4040162073959745,4.424220683973385
2026-01-21,3.750298405223326,3.930295949857383,4.048449016157344,4.17435728580141,4.239337103285072,4.300908865044807,4.333112382482198,4.358244243072032,4.376641861595093
2026-01-22,3.7796536734606314,3.9572115512513726,4.07088956723441,4.223273636132558,4.282428599669691,4.3359385586779355,4.386434246268201,4.407790511661765,4.420814933499747
2026-01-23,3.770320210162515,3.944660108444967,4.094997844658969,4.244693302149803,4.327305964725322,4.3807868740365805,4.417649606365653,4.435251503242662,4.463187831200204
2026-01-26,3.7861152463633974,3.9902989761901075,4.123562810352424,4.278615387270875,4.3476980760606185,4.432679988114862,4.46091891331773,4.497982588271915,4.5006168897854675
2026-01-27,3.868385645548781,4.059787746772337,4.194503322914788,4.357386454671824,4.432254702964256,4.507222675988957,4.550559117621271,4.568036913586929,4.60029701724612
2026-01-28,3.8802275019873456,4.065749924904751,4.182811233018954,4.355164443686753,4.447197971767081,4.509827393085705,4.560311881888098,4.579625988361632,4.5924447200026375
2026-01-29,3.8767824259477455,4.060502024815683,4.20908485069874,4.351979707038219,4.432744003987568,4.505788426893231,4.558885294424345,4.585479164105154,4.615253854072217
2026-01-30,3.9006362306427804,4.088627105069443,4.227459717444703,4.3682975350655004,4.447829923845626,4.517927266996857,4.572664212229511,4.57316603879168,4.619198773192152
2026-02-02,3.9553220536561384,4.1175555831796595,4.2366244221462335,4.390074076909119,4.44360981493924,4.507703842912521,4.545947746511884,4.5739995698661975,4.577061338098373
2026-02-03,3.96224589392181,4.119160571310051,4.261759081953018,4.394997972787649,4.486724070335037,4.540824485189074,4.571307632878154,4.603807534459491,4.611533800361149
2026-02-04,3.9509535842722876,4.1320168974117415,4.2327161253326615,4.3796391758699595,4.438199746711209,4.50789097966134,4.5356648434366305,4.550938952149417,4.572816702038916
2026-02-05,4.008724304486683,4.175883421212318,4.2951502954370735,4.426462644386831,4.497082194164303,4.542287861058417,4.5806567448481745,4.600222219870839,4.60866545571726
2026-02-06,3.9544938670856147,4.141835303598599,4.262899722869482,4.393725119903615,4.480849623877941,4.5345180481166585,4.580195461070562,4.601917227235089,4.615960666969261
2026-02-09,3.8505589411118213,4.040326496815442,4.185984580154382,4.326840050042172,4.41577310821363,4.464232919644976,4.50746131769077,4.533552574735538,4.550118978960107
2026-02-10,3.9239840379630495,4.097933658815718,4.230347952720172,4.365687760973019,4.44261819250747,4.507891278287776,4.528984785009055,4.558019367198685,4.5844073034736565
2026-02-11,3.829892403369408,4.006342027106517,4.147086595443813,4.313338781773406,4.377102032100429,4.449386114243573,4.491378140068776,4.514597087191328,4.529645180664243
2026-02-12,3.7829036363198045,3.968755573553753,4.102331184873497,4.2511661254271225,4.315507672805112,4.382092976174482,4.439940055217129,4.470082410838662,4.4842043596506835
2026-02-13,3.8086331147370474,3.9870598650328946,4.095892058112254,4.251068676386116,4.332386469906192,4.393067126309289,4.430185873285265,4.456738195478928,4.48455160402323
2026-02-16,3.8015926728307803,3.960219665832334,4.100463524708357,4.236646445698112,4.309816937772204,4.3770195631477264,4.4123510366166405,4.434357971875929,4.456721671173452
2026-02-17,3.9244764188096384,4.089299337731693,4.19553954290401,4.347336133582521,4.4007792607400775,4.454210755982016,4.482101593598523,4.499268983943807,4.520534957102419
2026-02-18,3.938690434638029,4.106752209997404,4.230861587225907,4.372029393655002,4.445394151834029,4.48106798673991,4.517024540864079,4.518634368974612,4.562402887892534
2026-02-19,3.9307360130314795,4.091408316755025,4.200833064134897,4.345550259478677,4.4087744132012565,4.469862500208493,4.510291451494466,4.515041528179215,4.534638841392264
2026-02-20,3.9845942931842258,4.145791803395686,4.2532232510768635,4.403479751318928,4.450558974169494,4.515520482879168,4.524437890214846,4.545565238773828,4.580559567101936
2026-02-23,4.00156544494138,4.171576669341373,4.282495947728902,4.4284292379477845,4.487550276119794,4.522864664297042,4.565196707537873,4.587854071155826,4.602433852947835
2026-02-24,3.956333978968894,4.124861370302719,4.267076460412434,4.383324526448181,4.458867263325901,4.504081118423988,4.545702949892335,4.554641833468197,4.564267219731125
2026-02-25,4.046584965124871,4.216997343645157,4.3310248075275,4.4553735206858445,4.521450497378142,4.559915975022076,4.597856457661701,4.613523511597837,4.638266933884437
2026-02-26,4.0202419576215505,4.184205049005565,4.302218111883666,4.445127670149429,4.518766573506502,4.560706625305781,4.5906684245356715,4.6026098868011305,4.640178633083929
2026-02-27,4.058596603275192,4.2150121386469594,4.342566297007502,4.472563967075062,4.550698508263871,4.607570801762149,4.633539490291379,4.650140104917806,4.662582610977181
2026-03-02,4.070427356620974,4.252675629287513,4.383161648337478,4.506078429543996,4.580367123209509,4.627714862198098,4.665359636168469,4.669827060385817,4.692128165395096
2026-03-03,4.08033729058494,4.244670625651506,4.363902345096265,4.479790698179551,4.546803839822794,4.595633030654783,4.623167034212973,4.630591627925715,4.653822911614161
2026-03-04,4.051219903267003,4.20476201334171,4.303373388278763,4.422543888954592,4.483862754067566,4.523380928589325,4.545077447307065,4.563555186066165,4.569439583551768
2026-03-05,4.056139077625434,4.209649582822806,4.309591662951131,4.440583230851687,4.4908161416321315,4.530916727103707,4.5494190688471745,4.556196410369031,4.58194066512504
2026-03-06,3.9778954546927405,4.147036498048825,4.247857923676317,4.370298539164575,4.449345617926838,4.489031447791648,4.515080761692578,4.526512462988994,4.526484065652025
2026-03-09,3.9731342609690676,4.135095680332062,4.248122924047957,4.363878361373284,4.420353938395819,4.46934054021385,4.494592466649017,4.512768366713125,4.5240209928690875
2026-03-10,3.939249701148762,4.089695562972895,4.206027149006785,4.321131347678142,4.402652331409909,4.424626890700353,4.473707210516932,4.491784191389153,4.485796778876573
2026-03-11,3.929440992327129,4.077648184727477,4.181140653350349,4.290975911333679,4.373579482476033,4.401146588049952,4.438138178907584,4.432861234287289,4.453180279095243
2026-03-12,3.9511878680766888,4.1067393040154725,4.1992983076592845,4.311510525174578,4.369633628332088,4.401703477900452,4.417927430870405,4.415543800204297,4.443280887797284
2026-03-13,3.9536285842010725,4.1285416437426115,4.21822864744164,4.335555536138949,4.398427068475544,4.434447916435573,4.440865100194812,4.4601594394815205,4.465102788976503
2026-03-16,3.8683813294029696,4.0293261642204445,4.119607875407891,4.222121886918799,4.294434172069973,4.306932191622646,4.3353926281066455,4.331364263740625,4.34867930891752
2026-03-17,3.945367112919527,4.078603136597001,4.1675917725642755,4.274513453018855,4.325129474496959,4.359423008648298,4.372582223134038,4.3832213905300605,4.392751476148859
2026-03-18,3.9584739181804265,4.103397732890786,4.202002664913429,4.313654187588361,4.356167505459944,4.399547225956609,4.431151607019969,4.421433906644912,4.423114146647806
2026-03-19,4.0438811099183125,4.192608611923106,4.274017566103912,4.398033277127389,4.4485317441866705,4.504076609426562,4.5313611555920845,4.523649214388726,4.539440595521898
2026-03-20,4.004166243204918,4.153171292510186,4.264398410997464,4.366305853573482,4.4195226640880145,4.456299586107129,4.488358300537167,4.499258299517361,4.513065047033977
2026-03-23,3.9739865900078097,4.109453819364853,4.212820318633386,4.316916762571613,4.379340028801405,4.4080039460309095,4.421809511437077,4.430362904437546,4.430856802398976
2026-03-24,3.9263128690715328,4.076734473515114,4.170734883496093,4.2706875733972,4.327607637126279,4.359962868722462,4.37422642545598,4.384771916249213,4.374650608759193
2026-03-25,3.990270237689854,4.135326946437517,4.242919403267755,4.3308306611469085,4.373255250729831,4.385022098367049,4.404587496901612,4.426424213516058,4.412453535739896
2026-03-26,4.104877069240393,4.246406422437817,4.307498801111788,4.41713352698564,4.449800753760063,4.467391084331339,4.488937985341999,4.461320453072062,4.484108724365466
2026-03-27,4.077683697084454,4.234701459896925,4.310776082665883,4.390658268361634,4.437860307095581,4.454187876087727,4.432400662470479,4.450414041899308,4.440292813396041
2026-03-30,4.103411112337854,4.247267227563156,4.329255214178465,4.4258020352479885,4.442392505125289,4.466006449411067,4.457648103665202,4.443047875809282,4.452712310502089
2026-03-31,4.030445025320892,4.1581003869953586,4.245601859367825,4.328828533047206,4.3571450209124905,4.372110426787691,4.36987878064788,4.365124913099883,4.366014314625676
2026-04-01,4.068909801507255,4.203180655906323,4.28374453420159,4.38368906679971,4.412625000568197,4.431466979492299,4.431381045919345,4.428228337434733,4.430249929301741
2026-04-02,4.1870430253589355,4.343267852875517,4.421598811762694,4.488539583385735,4.51947896410439,4.519765346970439,4.508025026747615,4.502930907875345,4.494861193136559
2026-04-03,4.161709559772355,4.301728365892355,4.373581342213675,4.43626296403783,4.473325605851617,4.481681496782692,4.453538611476845,4.44616691569576,4.4606441330959985
2026-04-06,4.0495634664186575,4.204035362626306,4.275911945739426,4.368388390396881,4.385413460243706,4.380360775628768,4.376757058073576,4.371368782249807,4.358472252378328
2026-04-07,4.02688767034435,4.17308424657389,4.253184642806093,4.330243460341531,4.350322786826142,4.371623336513562,4.359539074025648,4.355209154521019,4.338962865372248
2026-04-08,3.9858341880634396,4.117640704920173,4.202808487798807,4.29924691015002,4.323796657672415,4.327991281116876,4.310342384878297,4.316834975257455,4.313022025208228
2026-04-09,4.071979659636545,4.210168352001998,4.276867040072095,4.360910694779527,4.39741344769279,4.384702922210312,4.3813880039696,4.373651955756524,4.379138927497847
2026-04-10,4.096469907049218,4.218660067864122,4.291369534184772,4.36873283795626,4.384085796510185,4.380940885913579,4.371173975691035,4.373170792105887,4.354199803212499
2026-04-13,4.124059871904227,4.249050256191106,4.3220223481393125,4.3941029326479875,4.419423366802814,4.408302886040037,4.412134412125798,4.402295041984646,4.374818612322981
2026-04-14,4.094866150352772,4.209921085188144,4.29592223159997,4.349256317624879,4.368226445811955,4.365135682106246,4.361468654702808,4.35168986937017,4.339160522715747
2026-04-15,4.190905501093169,4.308336532990671,4.3710569722283905,4.449968530399722,4.449790220066966,4.451618922373296,4.452391959976086,4.438312140284079,4.423233669785699
2026-04-16,4.232644415089246,4.341691470635382,4.411843359471165,4.4704216412683255,4.482125662919477,4.464849120506658,4.449496434734829,4.42141709006296,4.411546125405965
2026-04-17,4.226083103739842,4.326835485149753,4.399212489445431,4.45298187949914,4.470974017920864,4.466774886873305,4.44592879803585,4.441900964657244,4.423774031923276
2026-04-20,4.268991020170656,4.367975564465603,4.44635450438508,4.4952723987441745,4.512349763066252,4.501843927223739,4.4925999458739945,4.491759364480274,4.4799717793465685
2026-04-21,4.215995690841423,4.329981191108435,4.4084817953480435,4.4666543934475875,4.495752219040725,4.483306672340812,4.46914193862859,4.452735819400136,4.460081597865307
2026-04-22,4.204288827013921,4.317563307270476,4.377876139491088,4.454868699153078,4.473073626503859,4.486146956549015,4.476047383601574,4.4647085136006615,4.473496786935598
2026-04-23,4.134523728334726,4.260098607078209,4.342281570875135,4.405221958878227,4.429335488807865,4.444172744446276,4.451867839196319,4.434900259617871,4.426983833168766
2026-04-24,4.184201758295661,4.304353049294053,4.395971038323988,4.458391272191742,4.511269360387428,4.506564420384475,4.516291355120102,4.509733736496963,4.490954608507574
2026-04-27,4.155476296988348,4.279222571982156,4.367450323178423,4.446162416838126,4.494223699650335,4.480780298164029,4.4955014465425185,4.498062607218132,4.489937072135901
2026-04-28,4.152961579119327,4.28213604274369,4.365345511336564,4.445582859663417,4.470830422150627,4.4854208368198485,4.482393067792573,4.482129373929462,4.479220521311718
2026-04-29,4.133726574296782,4.258089036330713,4.352198260870797,4.421715481608498,4.4539180118149115,4.459159342676891,4.45731624735344,4.456189132900853,4.4426981145878655
2026-04-30,4.179475577960729,4.290514609544164,4.384909431398782,4.469152820635239,4.488950148049995,4.504496039612319,4.497056169308169,4.4989841722625625,4.488940529802385
2026-05-01,4.063923990394871,4.21362276682271,4.308433267165435,4.376251061738589,4.399372412980933,4.418337961034136,4.422018107606726,4.408158811193677,4.408309058078875
2026-05-04,4.116215053033573,4.267336295519358,4.3459010794702415,4.425304380509297,4.4491987146429635,4.465406036125369,4.482860766667931,4.478687837343023,4.476808301289168
2026-05-05,4.1821702829656076,4.30626332628826,4.392441526122691,4.475868655243581,4.507556962541094,4.516113441668132,4.530215727157793,4.524693398790342,4.508159986685514
2026-05-06,4.247742369397582,4.360924212574302,4.464804990395461,4.512398269940836,4.530169849540822,4.539380927007275,4.5282741980888215,4.524997919499749,4.517083130432793
2026-05-07,4.246102009551927,4.367178935914593,4.452410454698813,4.531353327505463,4.55575377311105,4.5577345728047005,4.549429302348499,4.560984005850284,4.548616198205021
2026-05-08,4.271610258213038,4.384752716201379,4.4761304126328305,4.547117176446006,4.570980997724513,4.578179833745651,4.5758432732242795,4.5774487367807986,4.570496252752373
2026-05-11,4.246560899794018,4.36834730531659,4.463287979901703,4.5451188892968855,4.5521999916840725,4.584358387394587,4.591007427428909,4.595431112760095,4.578748868710249
2026-05-12,4.222225028514559,4.369128919159049,4.4358647643784685,4.514291362896443,4.5612779783138375,4.560561031104012,4.560336870373631,4.550608672592605,4.5482868651746955
2026-05-13,4.294048253957394,4.427216545254528,4.493540697480311,4.557834367031591,4.5922905446444515,4.583150844326494,4.588165466625492,4.582959196254992,4.567824887104304
2026-05-14,4.201867023756071,4.3445033001180615,4.423431751181196,4.514925484864876,4.530097669793402,4.551063006154016,4.548530137836835,4.543998418301548,4.550315015956019
2026-05-15,4.153015663833993,4.286527619000961,4.3711818568847844,4.4775381367010745,4.499910847746403,4.50478620645071,4.515959685851965,4.508294129410112,4.50915120846637
2026-05-18,4.082910774164973,4.218857720741797,4.316612404301048,4.393531801450573,4.422473618089303,4.433574202043883,4.434224075636628,4.4278981027946775,4.41208341762173
2026-05-19,4.062481196146969,4.22735272107299,4.308094857611573,4.376635325842429,4.403800736562979,4.409528613696071,4.407845961345555,4.389274772431272,4.391920348036509
2026-05-20,4.048169335919243,4.190665040109305,4.26441625930353,4.354856039266661,4.375706781810084,4.371665639766507,4.380240203820414,4.365859766118447,4.3571578238710496
2026-05-21,3.9005058569860425,4.063591552538271,4.165118339611604,4.247466463913776,4.274678893899503,4.290497520243376,4.286193644666241,4.259013565447699,4.279578209401548
2026-05-22,3.9516414756063214,4.108615802620737,4.233643560050778,4.319950337941188,4.351679555017908,4.3387202098012745,4.349446083043616,4.325916519779172,4.31212261994099
2026-05-25,3.9765586901072822,4.132383259654976,4.209992411767816,4.296558638560622,4.311541419079731,4.329003492520058,4.323648930136851,4.2988814315762065,4.300198010044382
2026-05-26,3.990485442728641,4.129346668406619,4.232155789429346,4.315044053039262,4.334894292639147,4.352488446211015,4.325015989199089,4.341434272633073,4.322976781923708
2026-05-27,4.078123214762802,4.243355990249225,4.330014360873555,4.428065598352712,4.444774120319021,4.456634626520506,4.449414743745995,4.439738040628308,4.43590585834836
2026-05-28,4.086800034066701,4.247050915259453,4.335042771358527,4.423120200101426,4.457762975857823,4.450706899689507,4.47068853870391,4.465458906136127,4.451627927534614
2026-05-29,4.067179518932475,4.234775243759921,4.321897207048776,4.412921532419222,4.441415634106913,4.454083356712421,4.442853237773017,4.431769786684967,4.433636208754996
2026-06-01,4.0365680521763885,4.201183081465339,4.301257022303614,4.384052222509189,4.425460184156642,4.428920515580186,4.4261131856772185,4.422331819156019,4.416169292853736
2026-06-02,4.059988228332324,4.201229098310883,4.290117841677274,4.385418662497911,4.422780466862284,4.434271886884696,4.409423504065502,4.395397018928198,4.407423339767923
2026-06-03,3.983871663725914,4.11673573215349,4.223968865168082,4.322274169196977,4.3467220518626695,4.3745163712438,4.384427361576068,4.38514680199763,4.375228704737302
2026-06-04,3.9414239360708234,4.094413861203077,4.195272022946472,4.2790646306461335,4.331681670580488,4.354011768051336,4.3558498006254665,4.351855238071332,4.3610686797118285
2026-06-05,3.957378517395249,4.101698736933781,4.1875242574257125,4.288869374679588,4.300736180387612,4.344225011667482,4.344264586563585,4.33449090757399,4.336420115686275
2026-06-08,3.9265549540622975,4.06391577036583,4.161640967567912,4.258532430315307,4.286461291127625,4.29543992400847,4.305595963044394,4.315739198577035,4.294557923812976
2026-06-09,3.8806382130214594,4.020456010420141,4.112516068570306,4.227432639111896,4.264242840670079,4.284431133373553,4.280982781036012,4.2680325934053975,4.266398389769648
2026-06-10,3.8300176381955904,3.973454769914757,4.0635150851161335,4.177435825014817,4.210799282255712,4.2339572438630375,4.259302398290569,4.248111770252355,4.246235028249315
2026-06-11,3.8856399768245167,4.037700016918437,4.122855268629985,4.202815467889751,4.254729355986101,4.276656289622165,4.298369439036499,4.286732673579829,4.269170055915125
2026-06-12,3.8682664448374418,4.007592229524443,4.131839440469596,4.227671944926029,4.280873740361913,4.301295581724546,4.300808452299845,4.313128728364943,4.30185703410367
2026-06-15,3.8605616509486036,4.003963408288532,4.107444777919808,4.214713009471657,4.257147597249858,4.288148556630402,4.278225316198732,4.285825974923411,4.2845099513282605
2026-06-16,3.8264996803893916,3.9821239624771865,4.092163621286367,4.194275788392487,4.227094298562011,4.249054758734717,4.275004001263267,4.2786188754838355,4.2849442832618365
2026-06-17,3.777061288537628,3.920053039027997,4.034200518844075,4.146049626615022,4.195183424699153,4.217676394418194,4.217916273254859,4.231804470221931,4.229443365826673
2026-06-18,3.7597391067995622,3.9276394275474913,4.037627946642239,4.1395153945272325,4.1978113143842615,4.212320460357386,4.227327670614067,4.227327879693088,4.236598714059997
2026-06-19,3.7176776935806166,3.9022929046942236,4.002466497854493,4.112112986455261,4.148057271851549,4.173861430338783,4.1907181626794445,4.1856831740736595,4.1823879454297535
2026-06-22,3.726475361132173,3.901657894138054,4.003991602230866,4.09673426057656,4.143305978936637,4.177027325716799,4.190782591051278,4.189923489153286,4.179595940627991
2026-06-23,3.7218370321026453,3.8774142868151573,3.994166238883373,4.1031317578380255,4.159685547658109,4.172033443201442,4.176960447681393,4.177192698540629,4.1842699794875955
2026-06-24,3.7581922660304845,3.927720202301321,4.007549052711946,4.099323425887722,4.133878118015016,4.141913867963584,4.14456229544781,4.1463127964912,4.144005708001234
2026-06-25,3.7032682196123146,3.884332009119981,3.9600933441336035,4.076888853426709,4.112246993520372,4.139385619078036,4.140343710745463,4.14056057648709,4.133677046145975
2026-06-26,3.7543705357254167,3.9296023229213404,4.027455409404457,4.133474693958095,4.178991144568478,4.195176402074219,4.2146715523505085,4.213595599745317,4.191328338986395
2026-06-29,3.6661390584656677,3.8274271558395943,3.940804094976302,4.056592275607689,4.12007445228362,4.126885291432558,4.138244142854663,4.139315894722074,4.136175258415778
2026-06-30,3.6295207442098136,3.800598162529546,3.9150156971882963,4.027503287985597,4.092146500695237,4.112103652281863,4.1364436631980075,4.119620341370637,4.116277440195117
2026-07-01,3.691230167854266,3.858588255677498,3.9791269317590405,4.102955100470497,4.158642637108439,4.1867227840391115,4.200202055339438,4.196566247078352,4.212728827321464
2026-07-02,3.7287341175965785,3.913388132618704,4.018240572078549,4.146055310873306,4.2109967585225165,4.240194101276095,4.244068807763437,4.240866731487527,4.253273255963111
2026-07-03,3.7163775581903407,3.9075379384669917,4.032199404258869,4.1682625707848695,4.231998576191929,4.243554930400698,4.268430190687948,4.27089486527419,4.277952729668678
2026-07-06,3.6817389346050002,3.881494103448216,4.003003512206603,4.140839645659494,4.189323114011848,4.225517043669925,4.22042501855575,4.236326876031264,4.238868901900019
2026-07-07,3.714226603099693,3.9148996900237867,4.023407987458035,4.153897960074025,4.207974294690618,4.232792402813814,4.253580185970297,4.259659438768597,4.253907694813798
2026-07-08,3.7787071572865676,3.9701986763723927,4.0797438006732945,4.1997638648138915,4.251647932416256,4.281075563528852,4.291086242799814,4.290078678644876,4.306189613546185
2026-07-09,3.8249619361695326,4.014835453266364,4.127460651434963,4.245310030210261,4.30264453387538,4.336504514033331,4.35659759343546,4.361424187239456,4.353364606882164
2026-07-10,3.843928525188211,4.00653481109357,4.116962950587589,4.255227289549397,4.3051985437903575,4.342788236862189,4.35057681583347,4.355954006623746,4.374348151933713
2026-07-13,3.7640015586371534,3.9230083671892286,4.021874434372037,4.153849716018092,4.205785262035913,4.242229618060462,4.264767651436604,4.269086839834032,4.26772153297043
2026-07-14,3.7573122201667943,3.9169602488333264,4.025770476543137,4.144873823698983,4.2038135252560025,4.241116465951718,4.260767062690691,4.26428635680747,4.263068353463394
2026-07-15,3.759134794660968,3.9358938201593934,4.043587865824299,4.1681773982867885,4.2255193846103305,4.238078102431522,4.268866730501678,4.279351880822565,4.290115098341719
2026-07-16,3.78371967540163,3.933353394159484,4.043937797217527,4.152551974866068,4.183735137657988,4.205757574341521,4.222518327649778,4.240538262665918,4.242688322196849
2026-07-17,3.804551465169349,3.9406210677363824,4.039037444106091,4.144875934187488,4.18140437452065,4.217392595256765,4.2278295722161054,4.232124670082865,4.2359115460245285
